,img_name,times_aug_area
328,1fd1cb0a0c279c4ef09043300f12137f.jpg,2.0
3371,3fcb517de61aefd14501ac8379f8fa47.jpg,2.0
2406,6c6e03c693f0c93089d7ddd49a0de036.jpg,2.0
2335,729806abc4240fc8cabc00f2228d1bd2.jpg,2.0
830,5dffe64af9a637d2aee31ffe608a207d.jpg,2.0
342,882ac8af7e7deae7344d76e500cda08d.jpg,2.0
2276,dccd41ecdf941cd7b792251b964ac64c.jpg,2.0
3028,cfce522e3bbd2c0c0239f64c37137cbe.jpg,2.0
2031,23c8c800cb5a41107877955938bb41f9.jpg,2.0
2562,148f416904775e224901e5c545c8573b.jpg,2.0
3737,0e524133da5ff615a27e46373063d481.jpg,2.0
3966,e38b5706d279a85b75ea45bab6fb7292.jpg,2.0
1864,20fbc3a40b55dc4eea4cc5af13c70408.jpg,2.0
4090,0425cdad415b8e68dc4480b7d5c16367.jpg,2.0
362,d75519d35be32680be4605b549b8412f.jpg,2.0
3308,7e36e8f7cc0cfc325e92e5245fee85d6.jpg,2.0
336,e465f51d733c24d0ff82b4ea9bf87ae2.jpg,2.0
1028,fbdf41c652a5dfdfca739cbf9d33d770.jpg,2.0
3237,6d82f68ef3996b0dbe575d6ca8ee5b55.jpg,2.0
3393,2996d1dc349fd621a2006b57214eb1b0.jpg,2.0
1937,12e6e892db9411a08d3a0d3a07e6b60e.jpg,2.0
2327,8984b37a56480e881e68024a0b3b6f96.jpg,2.0
3190,7db1d00074cab3433ef1380f8c01d6d9.jpg,2.0
1779,c66c7a586e40d012618a3878cd9858ec.jpg,2.0
335,a4e4b364cef90160706a9eaea290f693.jpg,2.0
1373,bea18aa1879a1041255733585e3c1719.jpg,2.0
3344,30da934beb93b73e59f19e8dbb32751d.jpg,2.0
4266,f7ab484479a1d83c9bcc468e94178d28.jpg,2.0
4096,1ef944d94439699620778748611c4290.jpg,2.0
74,c745a6dba7d0a0f7e976b16c4554c53e.jpg,2.0
3455,68409abed58b226ef0604af162e59c99.jpg,2.0
1588,770e4dd0732107a222f01198e50cf27c.jpg,2.0
3832,af90963f500f7460c978d135d5b62e78.jpg,2.0
1459,10be63d41fc83eec9b825cef684a9a56.jpg,2.0
2092,38fc1ab66b30554ef6d654b2fb19529f.jpg,2.0
1037,35437410f89936e594073755548fb578.jpg,2.0
1151,2cdc527365319e41c97787cb3ea0de48.jpg,2.0
1819,ae28c7fc5aa12cdc8c3bcc97182216bc.jpg,2.0
817,6ebc1253498f4f9a43ec699e316cfb93.jpg,2.0
594,8c3a7e46d65a3840cf2fce8bdb9e3dcc.jpg,2.0
2669,f94c9d76f48ca74236b470daaa6d26ca.jpg,2.0
3214,5eee3fca052699c059b5199ff0b84ec1.jpg,2.0
1774,a89561373047baf9f27d5df6976909e2.jpg,2.0
846,1033c40c8df8cc11a2c8b49f729cf48f.jpg,2.0
268,235f9a0e6d1b5f89c4b2ac11df46f4b3.jpg,2.0
1625,6af552f463e24acef2673dd7e0dcd87d.jpg,2.0
4238,dda90f0e4a296a5a51533b2b4cbbc94f.jpg,2.0
457,0758fdaea8105bc8fa8aa4e7dcdcd67d.jpg,2.0
4284,44f799b827db8eca7ec4d54e79e0d164.jpg,2.0
1592,f1995321d211f010ca6cf3b3ad8e93ad.jpg,2.0
2478,bfb565214230cbb8edcf30a3219de8d0.jpg,2.0
4321,727a291d524fd95911bbb290f95cebd3.jpg,2.0
4028,6f0832a24e4695531f0d3f15a8ac15bb.jpg,2.0
1206,2177bea8c6128407fde5aac8dceaa836.jpg,2.0
1142,97492443e22d442248b277e3de3d28f6.jpg,2.0
4308,51024669f0d48b5d99337008b87de7ff.jpg,2.0
2739,7b66bf54b1481a2b93d3471b000f0baa.jpg,2.0
3969,cb664e037a7e25d7d4c147124f360d80.jpg,2.0
3988,c305a1dbf443e1b9fade87bae737afa8.jpg,2.0
3253,56c3951743fcc0a0dd7f40641ec54597.jpg,2.0
3951,9dcec402e6ca8990e051e4ad4a0464dd.jpg,2.0
416,e9c7cff66a206692a7995c10293962dc.jpg,2.0
427,5a8fc9c7ade385620b21c54ef1f2cf24.jpg,2.0
191,05acbb7cdf8428ebc021c6413013c07f.jpg,2.0
399,77d80f7c6027bf2cc739570453a2cc7a.jpg,2.0
3042,0a675ce0f76d5d14e691f7e47a9b0152.jpg,2.0
2778,3db6c4f647e743fd4514edf0e2083c32.jpg,2.0
3140,811cb4c1502e4a37db071a315b8210ee.jpg,2.0
1756,2237ca78d77a893cf4ea2b8eb8feaec7.jpg,2.0
842,680d5acb1490c664fe4b478f068a9ea4.jpg,2.0
2519,fad6c23e0a7de83c8be9e29016580e8e.jpg,2.0
993,73230ea4a7aa933aad40f5b793c3efde.jpg,2.0
2223,4b191d0b953be491cde33ac563a3be52.jpg,2.0
1815,e7d5a3a592284a1eefaf7000b2370d03.jpg,2.0
2898,05623866bdbdd3377ccebdf6dbd8da39.jpg,2.0
1651,6c0b0874e2034b620bb779729cf53979.jpg,2.0
265,60b6f4fee5b1f0cad911bb46556c3975.jpg,2.0
1251,43920b30b3d2139d8731b5d9adad0d9b.jpg,2.0
3457,62ca85eb5cc180c1ce39591b1415347d.jpg,2.0
616,2e0931982062b209ec027c9f2a13dff9.jpg,2.0
1328,8fc583b95cca44714d974a4cb2d8b4c3.jpg,2.0
3920,25c6627f648a1be7f9de10aaccda1f1e.jpg,2.0
1955,32e00635e31810be250e31e5c20678f2.jpg,2.0
1797,f2334c657d2168fd26474dff9fcd2b82.jpg,2.0
283,8d96925d09a19565fb456eb67760c43e.jpg,2.0
3925,fca1cbab89147777932a60f7245c13a7.jpg,2.0
1044,e8c880d9d3af4dbe8142df1c9e2b7c27.jpg,2.0
2697,12e1992ba1c06baae6858f0ae6b902ff.jpg,2.0
2060,a4eb378965f5f2c13d4702958caf4e58.jpg,2.0
2047,926ae1d4116fa2c9704f2e854f8dd7d9.jpg,2.0
3922,9ac2db3e61bc62af5a7193cd75c0a5de.jpg,2.0
4224,01a98378b3fa9aa60538b722e5acf1c4.jpg,2.0
2997,38549ef8074230a0e6549990a1ad13f3.jpg,2.0
3882,00d3c50f00fdd549de31c2926b3e4f67.jpg,2.0
1922,1a9f5c2297cdf166c939b29760ce6f0b.jpg,2.0
2835,df25c2b83b1d99c0bc9eaaa9510023fd.jpg,2.0
667,bc33870ca63ba2970e694cde284092af.jpg,2.0
2280,8868ad45a179f62a50f9837b3e0a6137.jpg,2.0
2806,eceaad23c27085c5ca15a7e2c5ffde0c.jpg,2.0
3734,ee07b97a0ecd7007d4016fc99bebecdc.jpg,2.0
1847,04e87de5f082244ce319f128704c47ef.jpg,2.0
1078,c62c1f65558cabc3885ab2724eb1c132.jpg,2.0
930,3cbbb65eb172fd8c9a971a60caa1af77.jpg,2.0
4056,402936b7aec06f6232179d88f99c91b7.jpg,2.0
1496,1caf0b91a7dc37c8dfed56f4deac3aab.jpg,2.0
1855,5a47eae4b36171e143471b5e9619335b.jpg,2.0
848,7c7babfb8e7cdf80dac981bf88d02802.jpg,2.0
3107,bb3a4f37774ae7db63e5a9eef45f43ad.jpg,2.0
2737,7c6dfd19f93db54beeac13de4a752ee0.jpg,2.0
821,fa814d9a2fffc7a2c14dd17a816caf19.jpg,2.0
1288,c0a4cb67560768894c8a19c827c69a0e.jpg,2.0
2226,b2cfca539e9b8592510563cdaaa19b5c.jpg,2.0
1590,edd0a4ec5ecca4ac6c667262042c43d7.jpg,2.0
2262,b692d65ac7a930c0b74631d5500566c1.jpg,2.0
1279,e06659be2123388d61c1c26a050cc274.jpg,2.0
880,e35ef172a3424a10954ea5dc25d7329b.jpg,2.0
3725,c9840fdaf37f71c37ef87e4162aff51f.jpg,2.0
4225,90ed9150fe3733db6fc0a038678b4996.jpg,2.0
1587,cee1f60dfb8d023721511dd7b370d636.jpg,2.0
950,697b5fe82279eae3f82e05af1b864081.jpg,2.0
73,a4af1c7eb9fbe9a50bae581038deaf92.jpg,2.0
1324,f923962a61f29ff57d248c80fe2ad746.jpg,2.0
924,2a3d9de95942ea8cd35b59b2057d21d2.jpg,2.0
1445,60a3a30a87fc2b0dcdf753d46ef0b8cf.jpg,2.0
3528,6bdf3d630742614cb020e861ee6955da.jpg,2.0
2070,840c6efcfe56ffae94632e0ff843e143.jpg,2.0
3021,ef2d40137a8b090643e66e8c429da53c.jpg,2.0
3239,670de40fe011c0b9cf5a5bb3594f16d6.jpg,2.0
917,e1b8319323324bac306601b69314e65b.jpg,2.0
1485,a698a6b2635265a800b5b86bccfbe5a3.jpg,2.0
1859,386085c337d08264048b372eb65eb451.jpg,2.0
3888,439336b9c4dcf5e2cf14d5af27b20fb3.jpg,2.0
2272,c07a085de651c5af10b7fa368f99d594.jpg,2.0
1910,7239a3ee601cb600800510b03ceb31de.jpg,2.0
3621,7b32c7fb8dd90a4ff6c4b4bc3e68da92.jpg,2.0
4133,046bb4169181dbd06a21af36817455be.jpg,2.0
4220,3ea24e531e49c214784164dbe5eac722.jpg,2.0
2309,2086edef0902c95424395adcbd7f0765.jpg,2.0
2964,cf78ad8901d9f266390bc2d0fa89e513.jpg,2.0
3489,5acdc90b304436d300d4a85d55c392f9.jpg,2.0
2999,02cdea3c6bfe79bd54b5c30746576be4.jpg,2.0
683,0de23e11d00d6ab0f631bc27ea6220cc.jpg,2.0
3801,5610eafa23900c1f3279bcde502339de.jpg,2.0
3504,0e0cef422cf3ef7181b6935fa02e4e1b.jpg,2.0
861,96510edb25511da50f634a1bb03b934d.jpg,2.0
1550,a90473a623b8046c895106111afc882c.jpg,2.0
3260,9e11ed3739c55598fabd8b1a52dc7a98.jpg,2.0
357,5efb064349d3d1deb76734e653c755f6.jpg,2.0
3974,ead15652ecb7e6b9550bf6b7d9b5df6c.jpg,2.0
1876,c4004526a1b2bc8f6db4e90204a3cbba.jpg,2.0
1816,71ec2079230505b39204fedf4bd34107.jpg,2.0
3740,3d344086650427606219e1d998eed549.jpg,2.0
2206,c72a4ab63bbe504895248f790518b029.jpg,2.0
2576,c0a3fdce569dc10d537014f23cf61e11.jpg,2.0
3709,3e471e9c1eb298f692748926886fe066.jpg,2.0
2014,64ddaa54a0890aa972bf9a6a19d3b477.jpg,2.0
3177,23dd64f920b5d7ba25792bd2aeb0cfed.jpg,2.0
2042,104238ddf6a6a03056b582572135dbd8.jpg,2.0
2133,516b1cad27d8dd5cd583890a275be182.jpg,2.0
1640,f2ce3adb3213cee0bfec13fa052a9f15.jpg,2.0
576,a1ea699be41bed925e7c35c817c82428.jpg,2.0
1584,7c36ab6a2413d1de73dcd2f5e9e06b94.jpg,2.0
2680,7defd1f9b26fb795993bb39e91a6a4fa.jpg,2.0
4035,ab7708ca8d2b255fe83934cb5594206d.jpg,2.0
2199,d18bd1258f1bb6103ddec28a69c753fe.jpg,2.0
2159,98a2713a9468ef72adbd7cd0d4d937b1.jpg,2.0
2330,7210dee75aafec4b78aa330098d60cb4.jpg,2.0
3699,37571a20675682a1082df4acf1c2b513.jpg,2.0
2650,19df9e6f99aead6c839927e4a4f0e5cf.jpg,2.0
1663,b00c78cd8596b4e7d5e162926c210272.jpg,2.0
2436,2232ecdea2647d0898d3c06983fe2dc5.jpg,2.0
2928,351637195c2703fca72c976e3bea3bf8.jpg,2.0
70,f92d4dc28d6caff0f7fefe0b5c7cc5bd.jpg,2.0
2232,9a9a4d14692d2c26390e5a41e0aba7fd.jpg,2.0
623,710a4124e4d9c154c69f378d65f57621.jpg,2.0
2378,0a18046b6b507492869249b8ef4fcacb.jpg,2.0
1392,3dc2d7b21432e97ba0dd41a2377e20ba.jpg,2.0
1835,9c56eff3e742fc221b8fb15a4ef255e2.jpg,2.0
1831,63da104c2249322561b26bfbb53d783e.jpg,2.0
2086,6fb37aae0676985645dd73118daa4b87.jpg,2.0
2265,173476bd6b28d4d331aa90c88a37a3b1.jpg,2.0
3981,ff3cbdb62125eae75bb049fccc0dc946.jpg,2.0
57,9d36a0f235dfcb53e1439521a7475bd7.jpg,2.0
3625,331f914cff3e65eeec0ae6cb1ab8b93e.jpg,2.0
1252,a6318282c7a4e352dfbea5b063496206.jpg,2.0
3851,6b1a15f76d253a43db27e95c121d953e.jpg,2.0
1010,18efa4988e8843ab8923445b3a5f50bd.jpg,2.0
1460,9ed7dac75f28864e0b2a8a6d61291fd3.jpg,2.0
1482,ba8aabb7cc4c63db7cf9ff587ba0e55d.jpg,2.0
3156,1e041c0e2e7603c166229b160b00934a.jpg,2.0
2208,fe39592430491accfa4656e27412c2ac.jpg,2.0
3151,62cf576ea3d3bc58c79cde6b2b3017de.jpg,2.0
4319,572558eecbabfe67e3a2a006a2164621.jpg,2.0
2363,b5fa58fec9a9715bb815af193a0480af.jpg,2.0
389,79a4f2c5d0082fd922e08949030a31b9.jpg,2.0
3757,93a13de406d8c718c9b5ce7fe21cb9ce.jpg,2.0
1339,5a1d9eb7a560ba6d6b8ecfa10192a9f1.jpg,2.0
1472,6c1bf9db6680fa471acd7a64a6c9c9b6.jpg,2.0
284,1faa1e0283d0e36e827211f673d21b29.jpg,2.0
2880,66c93058b2c18bf9d3d91a0c8a5768d8.jpg,2.0
4310,545d3a642f7bf7d708350013819fd890.jpg,2.0
2948,eb033ea6ccc9eadaba19698073ca3f3d.jpg,2.0
4170,9102caf6f72ce04405ab662fe65a9a7a.jpg,2.0
1299,afdb3c751b52f78423c5cd12e4d3ae9a.jpg,2.0
3056,138540720a7ff29ad2f15c4006dd6e38.jpg,2.0
1570,1cba4d3c89a003adb740aa6b508fd6f5.jpg,2.0
3730,6e3f6e6f4ba02ab82c83086dfa833614.jpg,2.0
1595,05ba93db8156153bd169ff29dc9dcd6b.jpg,2.0
1026,19e6c14792ea5ae7949adf86e0d20468.jpg,2.0
1154,a85816198ad118902e75fa42be7938ac.jpg,2.0
748,ab27171cee82dc715225a5ae5911668c.jpg,2.0
3779,260ab2077f78274f8461ae5e5824529f.jpg,2.0
208,cde28e57b3a0b7797189cd51b613cd33.jpg,2.0
1900,4e5939867bcf6feef216e660985d8553.jpg,2.0
3799,4c788d181f3d16bbfe3ce5bb1961dcb9.jpg,2.0
3776,c0cf4ad9247ae36adecc326531e3caf9.jpg,2.0
3536,e4ab6dc246cf59a8f0ece587677fa11b.jpg,2.0
2120,9d99337e1dbe951a50c257b1bee3944b.jpg,2.0
723,b60f48fdc7715cffd8c39c9b62df2ed9.jpg,2.0
2038,e755be04ba6d597336f40086f97c0774.jpg,2.0
1081,90b01d56735aada89922c327aeeafe91.jpg,2.0
2853,39d25a92688f1032d0fe1f114a9881e5.jpg,2.0
3061,9b085e4177a9b943fc12224fdab61a76.jpg,2.0
1604,08aa92996e8c491a33160fb211fb7496.jpg,2.0
1203,af5398b30d2861a9c08a18e585ed32c8.jpg,2.0
1926,0643d433b7cf53a4af42ef246beadfde.jpg,2.0
162,e3337727ac87767944b4913ffbbf0dc2.jpg,2.0
658,db0b01fc5419b819ea2b3d4e56f775d0.jpg,2.0
2629,0487c49541a539eb83ba8f73c4d36d91.jpg,2.0
631,a14457fa0a9e13bb56e58f72ef9080b9.jpg,2.0
4043,8ff6cf86804596607220247d87f8ac97.jpg,2.0
4313,195f191bdf71140fa979118431422d10.jpg,2.0
252,be4ca40b6e0abb1b0fdd19e028a89f0e.jpg,2.0
2368,33dee59f333b8ca142f700074b9065fa.jpg,2.0
3094,4a7c244c6a102f643b1042528d67b6e6.jpg,2.0
3011,dbccba2f4142ed825fccb2f26f668ec9.jpg,2.0
2289,22094e5b00c8480462a17ca4e62807d3.jpg,2.0
1606,a851ca2b89d5df0c5799b10528853ece.jpg,2.0
1346,5583ffecfec3a884d02f14de690f7146.jpg,2.0
916,12769f1f37526e6995a8b8a001bb48c2.jpg,2.0
2785,b963f2750c125c55931ee658dccf96f4.jpg,2.0
3983,bdf90c5fec70460c1031e41a299f5942.jpg,2.0
1166,57b903cefce9adef9fd209ca3c273cea.jpg,2.0
1765,ecc0e03562daf9450cd76a7df7369e37.jpg,2.0
875,51e36bac55bf0a901222471856fdd598.jpg,2.0
442,e6c79b6f3fc0c9d60136badf02680e5a.jpg,2.0
87,2c8249c26a3e3d7b2ebd1315531e5921.jpg,2.0
2234,a263998e48b0bfe98227a581de0903bc.jpg,2.0
3684,9e70bf6eebaa06b388c9ba259ab77804.jpg,2.0
3968,68b290983ae30f80bf51e6980fc807cd.jpg,2.0
3342,3be8fe796bb65d6f8cb17bc7a00544bb.jpg,2.0
364,fcbc8742e07645842fcf8dc8740e29fb.jpg,2.0
885,da110542063cb0d5db4988f14b2fc1e8.jpg,2.0
242,43cb3566903beebd710c0529d31bb692.jpg,2.0
1009,44d2e8a4d0bcb6e2f3025fdcfd088077.jpg,2.0
349,eaeabca8cc0503618ed3e8534a22f455.jpg,2.0
2599,c150a60809a5f69ec8ae58f8311bc37f.jpg,2.0
2052,be4da81244c4bd18b28549053cd00d2f.jpg,2.0
2346,8df05047db1a05d63861ea5db247ebf2.jpg,1.0
2844,51497951065b6362815f11b82f084905.jpg,1.0
702,97db6649bd135ad14d1138f5e85f6b49.jpg,1.0
3462,b339725f58825e4ac7806f0cee2f6932.jpg,1.0
2259,daf6695c3d8f88532a39b7c42647dbe7.jpg,1.0
1678,012312df956170a41d4ea1f7dcb94ff8.jpg,1.0
1074,b5711cb205707b956243d367af582f74.jpg,1.0
1808,4c77c29b9b72754d6073653843c80094.jpg,1.0
970,2341c27909e808e9891ad8c80a73d5fe.jpg,1.0
1258,b1096ec6c5e2a0b08e82c13bb6057083.jpg,1.0
3713,744b6bcb00ecde3e3b9cad8a9eb1c266.jpg,1.0
4212,f3c1ac0a090870879e466f2e59824048.jpg,1.0
1058,eaa204336000da3459494ea6cba0dd30.jpg,1.0
529,2dc0af60b1b75bff2bfaa8e2675343e5.jpg,1.0
1611,c53181b8f5d79aab7707baded1528afb.jpg,1.0
1891,d0f307c3707358cf9a0251ce42f40c07.jpg,1.0
4060,03846402790f0b07c4728f16e41e5711.jpg,1.0
4101,4660a4c56b53620f1a129b080c6fa530.jpg,1.0
3275,1f28f345d8779935ee3891ee3de3d4ff.jpg,1.0
1887,f4b074f017443a81a41b2cd8d995af14.jpg,1.0
1607,37fe512a0cf914b437a695d63e131d52.jpg,1.0
4293,79124eaf7d155641121e4e2b32f27226.jpg,1.0
3912,9a0e2067f36fe7a99263576c6d221f69.jpg,1.0
847,f651130e38ce27f30164f192f6985b04.jpg,1.0
2569,134e04d5d91d869424f236ae74d7800f.jpg,1.0
1055,1813fccc37aa82a59591997a1c6c2c28.jpg,1.0
3194,0da086c449e045fbee1c7c46ab6fae13.jpg,1.0
2325,a25f87daf75d276751fc8992f2e29d8a.jpg,1.0
1466,8b5e6e8260235bbd14407afd2e7d2b7d.jpg,1.0
695,2a52b2ad5dcb0820322fbbe5e40ae7ee.jpg,1.0
2218,232dfc19220e6a725921b582504e0cfd.jpg,1.0
1961,c86ef93388bc659db31b9785ef3ac7f1.jpg,1.0
900,c1b4aa3dc1af19c4bc0fa69cf07c6604.jpg,1.0
1016,eec3e9abfb62244cee1bf662eba7400e.jpg,1.0
171,303056ab1dcd9381506a4b9f97199e03.jpg,1.0
371,3e774ce3904c6dab73537189027091fd.jpg,1.0
850,c1ff5a066d174c6cbf6cf4d6989f8159.jpg,1.0
944,3ca226f60b03afe176a44718e95ac417.jpg,1.0
3762,fda647bd3a9350d52935af0718451de3.jpg,1.0
2357,441d952a8a24830ca6c95ca238a16bac.jpg,1.0
135,8a93c258e70ca1faa281c5383d0aa993.jpg,1.0
1762,7bad8c3c80d90586d66bad40416d7352.jpg,1.0
2184,e37d6078e661277b116f20e8b9c3dc23.jpg,1.0
1918,97b806b36e96511361f147104c29750a.jpg,1.0
3833,39094f79008a409a693c86d00f043840.jpg,1.0
467,c36baf46fd312d132da7b952311fe314.jpg,1.0
3439,55032078bd5786d50a9d235b7305737a.jpg,1.0
4300,98ec9d8e7491ad5a082d3fe81d876c8d.jpg,1.0
4016,2ed2a4986737d3724e7bfdcc8d7241c0.jpg,1.0
281,f0dc7b3158493ef1fbd9794be5e504c5.jpg,1.0
1014,4ed81566d438ae3c9bf468a0139c498a.jpg,1.0
3579,8acc6f4ae23dc8c22b441af89882e90b.jpg,1.0
827,53f9651514ad87c5e63dfe5b1ea6b34f.jpg,1.0
1441,cd1d155c8a7171e2fd64fa7cdd95544b.jpg,1.0
4105,4b0771af668ab999616a8847eb53f656.jpg,1.0
3166,73c7c6fdac8bad3e1406c71eb96487ea.jpg,1.0
3516,3d66f857299f42709ef240c455fec2c2.jpg,1.0
4234,676b59b4103d0e37ee045569bf98b39e.jpg,1.0
15,6ee319921b4b6abfd1472ef982408665.jpg,1.0
3448,75b3124aa88b14c39584323682d41d52.jpg,1.0
3339,57ebd090e09d2571336cbfed61f43a13.jpg,1.0
3521,b7745a3321ece5f7e74b9aad0111bdc0.jpg,1.0
2420,ecab93f8d3deb00e4d57da8cd3d504c0.jpg,1.0
1852,d6ee6c964a44d3428c64f107f42984c3.jpg,1.0
1076,2dffc881f47564eb9b97d43597df8b34.jpg,1.0
1695,a2ecc6c5f6d760288b85d9b6de487621.jpg,1.0
1898,90d44c495f9ee0e474a991a5ea6b5065.jpg,1.0
4064,f477b53af48821f5ae4b5c14204581fb.jpg,1.0
2654,564facc74c02697edcd88fd5d9866e1f.jpg,1.0
1906,6c0efa8d653d9ab9dd35cb2009254ae3.jpg,1.0
3327,508d3eb4f3619a41cb673e040a86bef6.jpg,1.0
890,07c575191cd183a62f26d65ebe8cf236.jpg,1.0
937,35c8da15d2cc889d6cae3311af8780c9.jpg,1.0
2298,5f1d0ccabcfcfebef629ccce70239ff9.jpg,1.0
2960,fcb691f9af2b6b017d2be16bc996189e.jpg,1.0
2211,80f7458bccd2cb08be4c1a7ff4842c24.jpg,1.0
3316,23cbe69445832113090ffb2ac053310a.jpg,1.0
2557,2a5e1645014a6785122e22c1b64b59ed.jpg,1.0
1883,19a23c36dae9543201e1d73d7389a352.jpg,1.0
1675,a9c71b7a9f927110bbf359cda87d4684.jpg,1.0
2827,ad87d025bfa96e144f6be205aedfa126.jpg,1.0
3840,823e8406d826e788aeff5985982bfa8f.jpg,1.0
1725,f60f0d32894c44698a1d0cf33468453f.jpg,1.0
1317,d1061c1f2ef66ada63a201da7189c491.jpg,1.0
3138,b6f2261805570165cc725cb960fd53e7.jpg,1.0
1207,3ba99530ad3652d4758639a6d8a07487.jpg,1.0
1070,f4d0189b6cdde13ff3a5a80ed14f30e5.jpg,1.0
730,eb3904563a80b076614de11a809aac1d.jpg,1.0
3320,94cbfe51148dbe1b47195c71d2456940.jpg,1.0
1985,1dcdcb125506fb03951a68803dcba313.jpg,1.0
849,7638443b12c4f7dd9d7c33edb2c7c762.jpg,1.0
2627,116b087b7272e93d38f769c6fdeac0f4.jpg,1.0
3672,ba0edfbfab446c47432f415584c2cfff.jpg,1.0
1159,cedb33a53c3855b49777d32becdb8fd5.jpg,1.0
2444,07e1543132b52343106882b1aaa418f4.jpg,1.0
639,fdf1c55a69be03987bcc0b43649732ab.jpg,1.0
1773,3e1e2de8a48cdf2e38b777724e71efa1.jpg,1.0
1214,ffa02a0e3992a74a9e0f318946f244b4.jpg,1.0
1514,c7fd413a4640a41db79e4628d239db49.jpg,1.0
3381,b63114d003920d87d62d2c6f347f0eb8.jpg,1.0
2396,25aa47d429d0940ed42e80f07e5a9abe.jpg,1.0
1681,f4265e18109ba2866fda84b2fd73bdfb.jpg,1.0
934,eb20ac2e256a0e97292b40232672bcf7.jpg,1.0
2407,6e383d9a4a76830bce98ee25a90224c9.jpg,1.0
3613,3ec9f4bc00614ea78cf608d1d0b26a5f.jpg,1.0
3073,4fa47f96b993ba427a55abd3b1addf93.jpg,1.0
2895,5cf2fe5411d676da53d9ff39618cca38.jpg,1.0
1107,64777a7cdba10baf256fca8f14f934b3.jpg,1.0
527,ab58024397fc4c5f19293162adef1b08.jpg,1.0
2628,9488b72fb289beae720af286b61083a2.jpg,1.0
1215,fa7009cb051999ada8b1bae9a6b2058d.jpg,1.0
1832,475fd882722d13be6d9187582bb3ea0c.jpg,1.0
3280,e97228a6ec00672e0e962ef2f415041c.jpg,1.0
1531,94e8268477c1424e95ec078daf11a2ea.jpg,1.0
3085,ee256f73fce0faecb59befe9fbe8e075.jpg,1.0
1549,082c6d0198d97b15c7c8167e9d5340d2.jpg,1.0
3640,df97e170f5330baf3772c39a24226689.jpg,1.0
1996,9de90beba305c928007bcd068670c1c8.jpg,1.0
2011,ee231d2125caa089d4fdd4361e0c1659.jpg,1.0
3984,5d6cf0aac8c636b626540bb006501c21.jpg,1.0
2836,dd512bac6c2a3111cc484a7571a17cdc.jpg,1.0
4288,c7d957c7e7d207e8d1e46dbe92d1b0bb.jpg,1.0
2069,5c564bce5a4f34af2d704ad6ad100e22.jpg,1.0
1077,0ca5218821aa5cc037ddaa7ca7fd0dc0.jpg,1.0
14,c0390f6a0058bbe1046ed45ff3ff73b4.jpg,1.0
4065,9df0ebe31e09caf90bec80699c13551d.jpg,1.0
534,b10ee5cc6026cbe64f48f4cd9381cc22.jpg,1.0
2191,6f7c78244b9b0603f0e558555e1f2fda.jpg,1.0
3899,d1d9ccdd279ead9523f62b049a762ead.jpg,1.0
4228,2ce2be2c5b03fbeb1b89e812164b854d.jpg,1.0
896,aeeb76db64bb1030bacc3fa4c78d992b.jpg,1.0
193,d04bf6811e84d16b8501d972fb45fdb8.jpg,1.0
1861,7f02c8e0d6a85e5cf82d3fe8433b1739.jpg,1.0
3076,ab44ffa1d84d9a05d181495ac6829e19.jpg,1.0
652,5ac3e6610bc91bb4843ad31a107fd2b7.jpg,1.0
581,a8d94087d68f04327383336dad684231.jpg,1.0
3611,d9f347c8472eb3bd8c72dcb7e757db26.jpg,1.0
492,b2b2f42d7a038a5743f9f22e86f6a3ef.jpg,1.0
4302,7d3c7e7f8d577bd1998c40ae884923df.jpg,1.0
2271,049bb38af3dec9a87d531ae3de653453.jpg,1.0
1679,27c510c17827495ec284b605bb773b96.jpg,1.0
3576,ffb6b6ed6b7d3c01a3c4936c2a13ccde.jpg,1.0
1538,b1d7ba7c40787cfbd2a3b6fd89d5d254.jpg,1.0
3998,c3dfdc8a45d6d79bcc33d95a29b7cc86.jpg,1.0
104,ebc912356ab1b266c9be308786da0d2e.jpg,1.0
333,9a9edcddb4371a689795aee79609d041.jpg,1.0
1286,57b6b2794e32e70663962e64bbfc7f1e.jpg,1.0
1741,3803c7e25209059aa596678baed1ee06.jpg,1.0
113,410d166859bef78dcac6ee24f54f52c0.jpg,1.0
1698,6e95ec59eff0cd90b250fe3b11cb39bf.jpg,1.0
3394,9e0bc317761f182f5d0043d1bb08483e.jpg,1.0
3441,9f627c3c7de0ca6c25a25bad655a0b78.jpg,1.0
3554,2da82a5fc9f69bfa9ea388d666a25798.jpg,1.0
3526,66bf026e06325baf49da7500ea8386e7.jpg,1.0
3729,d677413e28275246329b12e09f1b8231.jpg,1.0
3662,a8ef84a285cc4e01a06a65f61dc40f9f.jpg,1.0
169,038d020a53a9c318aa8107184c944713.jpg,1.0
1533,40b3c6e820eaa8b960dd09d8f8d92d0b.jpg,1.0
677,033c614bed5225f59a93a96b275e2bda.jpg,1.0
2932,231000094361d97c7f9bf5695b8bffc5.jpg,1.0
3008,9c97e3b129d7d6fb112021e0932705df.jpg,1.0
1701,99bb80f552124581502079170a660bbc.jpg,1.0
341,f6f9c659f33e38efc202127ce66a5c33.jpg,1.0
3986,6c1c49eef38e4cb4d2c5d9ff789684b8.jpg,1.0
2943,619199e78ab519eb4b0e635dec290d04.jpg,1.0
2286,028ac663bb255bc81ee5ba1a8c1e47b6.jpg,1.0
2365,40e32bed9b281553f997ae25a77bf7cf.jpg,1.0
2712,6c2e276aad41a68a41c439029563523d.jpg,1.0
2225,eefa39f3490274f12c59a0969a54a159.jpg,1.0
448,41ea8096120d202e96c8aef964f0f70e.jpg,1.0
388,ccb44622ee27d65a87ef28f4be8b9f10.jpg,1.0
1385,b56ffdfc2ace22d4a09b141cfadb9442.jpg,1.0
531,47c40216486ff9066eb63b576f91e745.jpg,1.0
2301,0013ef9ba1dc270322ae715b78692a49.jpg,1.0
4279,e9b3d9d09c5e37cd0d3aae2a86ec6da6.jpg,1.0
2068,d81cbe9775210c6e40e275bd0162abad.jpg,1.0
1255,738e5f83e193c358d8b4b3e5199bd73c.jpg,1.0
1225,f9b1a48f89aa49d4d3ccb7aa93f1b3bd.jpg,1.0
1133,ea150df8d73e23d70c371bf8661ecbba.jpg,1.0
322,b7a1728efa78d787d5ecd13e1a7314c0.jpg,1.0
2718,d0937d7c7bf79250408dc98520635cae.jpg,1.0
598,668f6633648a292a6f35b3280ee4e437.jpg,1.0
1566,2ad9ee5e8a2488b8a21651ac433ca7a9.jpg,1.0
1020,d7effd651db73fa8a2e4e08e368302c5.jpg,1.0
1430,cca9a94fc2cabe555d814a9e96154a25.jpg,1.0
1674,3c750cf4503ab8072c238bd809826cba.jpg,1.0
1372,b98ab5aa3e18b2c9fe65a7c66dae99fa.jpg,1.0
4011,c621a971b4424b15acb5595a1f99b495.jpg,1.0
2974,7d1b0403b936b308a1ae02d3026c63bc.jpg,1.0
109,f2684714d0906afbca07d984f7edd30b.jpg,1.0
1687,c18ea5292470a2c85a7676cc810db5bb.jpg,1.0
2982,df5e48d77d801ff87f26df7b67edad0a.jpg,1.0
3495,1c96137136c7657fcc303766541d424a.jpg,1.0
3616,de3a322bcb6956b1e04bd2a7d368f8db.jpg,1.0
3345,9e73844c2aaff306d0695e2d8532e18e.jpg,1.0
425,d476ace625c4b88ed865e5395410c732.jpg,1.0
82,550876f07538b57ffc085dd839195b32.jpg,1.0
2755,87d2c0d5fb31de71f1f6feca2b4fa37f.jpg,1.0
840,034db28aaafe0028f24a604180f3f0e3.jpg,1.0
3397,49e246812bff90c3a0b3b2939bf3e137.jpg,1.0
2799,5faa6b8c93096c5005e01892f4244e20.jpg,1.0
2552,6d5b1ae9c60f8939dee83530bff5d96e.jpg,1.0
2405,11faadadc00a99a7b7d33d6b2b26ec75.jpg,1.0
2003,34c75de85b3e070acf222b51343422b5.jpg,1.0
3313,445158189ba917e2001c43ded2c6d612.jpg,1.0
4127,34675e976d486b4feb28bb4503c8ff8e.jpg,1.0
2426,92f9b503d2e690ef7a060cfba0463ba8.jpg,1.0
682,4c2b94cd189720e88ecf5b2aeb730135.jpg,1.0
1998,7bf7077182d44615661cce3a84a567e1.jpg,1.0
4073,8c44eaccd8e3eb3a4469cca05c7f5726.jpg,1.0
426,b0c0309749a95b1e94aabf67c36dc2c7.jpg,1.0
3416,d91d28dc9b648465d8215bfaec03b4ea.jpg,1.0
1820,a9022465e8e7fa00b6e1be98f5a159a4.jpg,1.0
3821,d7a1c6f0341d416205d681ad9f19338c.jpg,1.0
1117,4562a5beee49a99f4086f20c7210d5cd.jpg,1.0
8,3c37f53805c643d56817d6013b7e9656.jpg,1.0
3071,52aa17dbb2be8d092897eaf145738257.jpg,1.0
2099,8aeec98304d5be7162f2de0c85d37088.jpg,1.0
2719,d60bbe5a3452e8170e4bd76255f0cc4b.jpg,1.0
3809,b05c9a383cc1c2ac012f18a8f1fb01cc.jpg,1.0
4305,fbee50eab3f7bb5befea028ddd66a543.jpg,1.0
1318,56187ce4fe86b2b9dc8179e4784282ad.jpg,1.0
766,57cdf79d3521553bb2ab95f918fc7bf9.jpg,1.0
3573,a30b5a1d6261b3d7361f9e903fc01aae.jpg,1.0
538,89f279e4157793c84b4ca0549844b65e.jpg,1.0
488,1c964f22c737c74de01c5d5446e7c0cc.jpg,1.0
1801,321f01608dca7f9f7691080dc8ff8a2f.jpg,1.0
3552,6b35013e7f4e3e9886c8ebd21c499e34.jpg,1.0
212,616d76bd40f9b2b3b9b5131a9ed8e347.jpg,1.0
1742,b3d216517b7a8fd1badbfe28ea990654.jpg,1.0
3555,16b01c1b254adfbe3f92838a78291be0.jpg,1.0
714,84197e4cab8c4bafe260f56b745b360f.jpg,1.0
1217,93130dc97234884ee2e3d38e03ab52d2.jpg,1.0
1788,882d92a8eed8f5ce328e919a4a1df9d1.jpg,1.0
43,4867da421d18b7c020c58c4533572e4b.jpg,1.0
1342,92783683f097aabc9ca8f0983e5cc5b6.jpg,1.0
2833,aef613a173d540b4c22df009bb5b756f.jpg,1.0
3514,9768fecacb7157716ce85d8d94150f87.jpg,1.0
2016,0113fe17f8346ab625c85996f970e678.jpg,1.0
546,fae94bf00598f0c95808f21ed5d8cdcd.jpg,1.0
476,49e2894ffb0a604fbad89deb1d0c6a22.jpg,1.0
3953,52c9014a468f84bce78d9450e208a283.jpg,1.0
2041,001227c7aabb1b3bef1dedd7637e715f.jpg,1.0
4017,27241ba1b8cecb6b2485e5ef7bd32674.jpg,1.0
489,9d656608a44432b6d6bf8c26aa330f33.jpg,1.0
3446,444b5de5ec7345fa2eaffb5f7ebdcde0.jpg,1.0
2572,c1cf5c91b36b8b16a5fcf27a94b96fbb.jpg,1.0
3196,b7cd0f1850f45bb74143dc65bf811797.jpg,1.0
2563,027408a0ea496158896d278faeaaf140.jpg,1.0
420,a0ba3880161903eaed27403de72f56da.jpg,1.0
2036,75fca65b9a03ceb7061167e660ac9730.jpg,1.0
1623,7841c277c7da20242550cee43eeac8cc.jpg,1.0
515,cc18dd4988937b9c3e0afc3420210620.jpg,1.0
4214,8721fe03598f7098ea0b4678f845f433.jpg,1.0
1684,16b3f9e9cc9e7f8a7f74b88eb110804a.jpg,1.0
2615,3a103f47fa7599b77a1e7a9ab405e225.jpg,1.0
3497,ada05eb339bee091d092f0d1bf51ecea.jpg,1.0
1649,edae017eaec489e3a912bf6353d2ac4a.jpg,1.0
1993,4aadf863d133dc84c1373d4ef9513126.jpg,1.0
55,792e98b8baf1ddc5aac77e9e3c32d682.jpg,1.0
3400,a37b82cd862bfbef75f06969e8738560.jpg,1.0
2384,2f1742bcf428d2dda42dc89c679cb9fa.jpg,1.0
2273,77aa98093ecab7435aa2955068240ec9.jpg,1.0
3589,d01b65c4ab274d2f013e3a8d2f2e2a80.jpg,1.0
1094,7e9b567a326369ce27915f14b7011b58.jpg,1.0
687,854da728ec881a1c38c9a9a3268ec73d.jpg,1.0
1141,b82c406602efeffa586e8285b34f232d.jpg,1.0
1507,2a504fd9ac2cd79977290edaac284ce4.jpg,1.0
3103,5053aa42727cbc3f211ff2ac58c6c038.jpg,1.0
1113,e3d7d9f3365f23c7c0efd94b92d0900e.jpg,1.0
4004,e7741c0a02fb274e6fbb6ec541ac3c0e.jpg,1.0
2326,0da611ad357767d48b20ac5cc9f82628.jpg,1.0
632,bfff84f32e1eb7c65a49fc2cc92ecedc.jpg,1.0
1809,3aeffbf55e31e5249019607f387300aa.jpg,1.0
466,1ca72b92b8d6cce257989009cefa7a71.jpg,1.0
2578,5fb2d7db71b03c2470cf6b6df5cff0a4.jpg,1.0
2050,6d78b424dc7a660c9354fc60de0f2b2c.jpg,1.0
3477,3014a57c6fc432980a53c67d074d116c.jpg,1.0
1609,66845c19c272aed0ba83e6664c809ab6.jpg,1.0
2468,2708da47b12d33d839399c471b1a7dac.jpg,1.0
2018,cbad6bd778188552daa5ef626c24e539.jpg,1.0
566,d0743da33f51b4505136f28597322160.jpg,1.0
4289,d1857bccf73f4eb3d085725016d88fb7.jpg,1.0
209,136edfd0916f70e6d2803bf6f59a3683.jpg,1.0
3078,7bd83bbf697bb7052c771079c71f394b.jpg,1.0
4241,36a1a5fca2d6f61d9c628ce220babf72.jpg,1.0
3025,7a59517d2b6020dc46b84253bc88a7d4.jpg,1.0
2026,ae4677d7df6715f44c59768ab46119f7.jpg,1.0
1338,0508fb837b6a90751d5e3d83a73325d4.jpg,1.0
2109,3d306fa1bef861ae5f8ab27f995bc765.jpg,1.0
4177,64de10a509e5ab8b1d435e8ba0b15efb.jpg,1.0
2483,27e50d9f96c3a89d650612056c8f56ec.jpg,1.0
40,96ed7f4551da857b95983123062b3f44.jpg,1.0
3758,b1303534856986f8bb45c0298a4226fe.jpg,1.0
2933,413fa20429e4f125b405809561f8b39f.jpg,1.0
708,cbca4d364a50aad5e36572642e485fd8.jpg,1.0
3898,01ce4c01a4ce03ea6c98767d8e472e25.jpg,1.0
4024,b2c7d3b6ab75827f5fb4f6fc9b9168a6.jpg,1.0
2372,2b3869d3e141695dcb7dd1b5dfac46fb.jpg,1.0
4075,895e7f5c6a9c871d2cffe8f3fc8c7f62.jpg,1.0
2307,28a9d58753aa742d642ea41c03b020c4.jpg,1.0
844,4a4e7abd0bbc8d519ed878056fbfbebb.jpg,1.0
3542,e64e9c0ba3f87cde7374298eff74e467.jpg,1.0
1982,a81845954a4ac29b98d9db58e342ea6b.jpg,1.0
184,36bd97ce49e60970b07d45ca48927230.jpg,1.0
4281,fa598e9ebbb9b76754e931051ee1ae0c.jpg,1.0
3169,f5e007bdba5ba6e62c19bdaf86f0a460.jpg,1.0
3601,34ede42c06356ced000b8ee2c99fe368.jpg,1.0
139,beeeb6268cabf4a921243e05d5e95a0b.jpg,1.0
245,c5a4261b39e9ab9bc2364c198a6b0d36.jpg,1.0
329,b7410924e2341d1ebe5b95c60c3c6212.jpg,1.0
3474,428fbe0bd96fc04e0645db0e38e6f573.jpg,1.0
4204,fd16ffa34e0a247b6b4a06473dd063f1.jpg,1.0
2816,331bec8b678a4c0f5f11723cf527fea1.jpg,1.0
2951,70b224f10da710a93f9563f584407086.jpg,1.0
449,27f7877f7edd259ca8580f1ddc3795ab.jpg,1.0
1992,ed04e0028e09ba242294c4c19b0368f9.jpg,1.0
547,c1aa0d1fc84bfaa3389a42e6022334d1.jpg,1.0
3900,ecc1098a10e662feee5575369aebcccc.jpg,1.0
2958,148af315bd5572b35cfb1512c7be909e.jpg,1.0
3402,a8ea1a811c2d7940503b0252296adb8d.jpg,1.0
509,0c89169710bf2a28c29760600cb9d837.jpg,1.0
1175,d4f1b69312d1a50f62e7dc4c95e0ff56.jpg,1.0
651,9cf390b268e719d3f254fc4acf4b9913.jpg,1.0
1406,e3aa3e49468ac3babef02c6c75447bd5.jpg,1.0
948,3fb1f60fe050fec6c53c8b7abac5ea94.jpg,1.0
3772,f10ac7a1921d363c8a5b76a12a913a41.jpg,1.0
4233,7f16d1fb535663c145b52f35b19f37d0.jpg,1.0
3033,655cf72d843dd13fce5175b8810116da.jpg,1.0
2480,de8e061b45e2a2380a245272490e2437.jpg,1.0
1486,fcf7800829c7ca84d55a95a2e3e9e7c5.jpg,1.0
4187,4d544f2a885f7bae9194d3c661094c37.jpg,1.0
920,456d3dadef068faa53053a4eced78a13.jpg,1.0
2939,dce34b1f6eecbff45b88543e1d5f52ab.jpg,1.0
481,f1e48e02d44f1c634a01b1c6930dcdad.jpg,1.0
595,4b139b5a6af68344eb22338ee4a7f6de.jpg,1.0
4167,ba6112143b528dd0314c7f6cd88a206c.jpg,1.0
1101,b5db729848ed8bddfb046be03faa4f94.jpg,1.0
3853,ef3886b96441723a251eb8376458cd16.jpg,1.0
374,2d27b1f06850291bc4183d849ea3019e.jpg,1.0
3690,d31966091b9d059e3d600c3e018c5e3c.jpg,1.0
2134,ba3ec52879f5884ef30dbe394b4fb2de.jpg,1.0
2595,58a8e75d29fa3926d1066ea8ce07301e.jpg,1.0
1295,574083d92e717eea9fe6043587351b74.jpg,1.0
100,06c24055ee2989640a1a0f4fda891cd2.jpg,1.0
1345,c23ac373472a41a7d18183a6f37da2cf.jpg,1.0
247,02aef3ecc1278522c18ccbdd9c5c4313.jpg,1.0
1041,6a7de35ce3753309d1b283a99c01e3ed.jpg,1.0
1150,d7f10e9b197b86a9f6587a9452d81be7.jpg,1.0
3298,95baf36f223ac943d5c89429808ac405.jpg,1.0
3828,c3350e09406a9fd9c3f8f67bbed002c0.jpg,1.0
668,f1f1e6347b041f915eb13ec5258b8ab7.jpg,1.0
240,a447a6d64d1cfe4b824549c12722af60.jpg,1.0
1812,359db8e24968ff8e0edce06ab552416b.jpg,1.0
4074,50e2cab79bd71dd91a4a0ef7e8380c57.jpg,1.0
2140,aea73c72152cbb06726115066ad3ca4a.jpg,1.0
1001,f691dfb79632bfbfb1d6b292795e9d91.jpg,1.0
1241,183969996e534d62156f2d8e76d7194f.jpg,1.0
1793,d78ccec619337a33b71996ec6920035b.jpg,1.0
3761,59aed17bf2c98d082cfe9d52f21c7ca9.jpg,1.0
2528,a3017abe8cc368f1ea730f24af9295e1.jpg,1.0
1254,ad1e89a2e5cc732051d98f5454c5c554.jpg,1.0
4006,a223c8a53122ed7fe33ed4d7aa9963ad.jpg,1.0
91,155a66bce5c51d76c36d9ec67be31da0.jpg,1.0
3767,48fad9581cb02818a1f57fc5d2f2aed9.jpg,1.0
3349,c2c7a219799e1676a5ccc96645153d42.jpg,1.0
3688,04f43378b0005e23890d89b787ecee81.jpg,1.0
4283,dc39379f4225e6cdf8115b97e81c65a1.jpg,1.0
363,4510ae9f8cfc5c122e53a6b038263be4.jpg,1.0
2510,aca2cce15be12589164f8581f0e57969.jpg,1.0
3004,bc6e4fe6b15cb54677cbdbc719e54e2a.jpg,1.0
3087,4189836c727c3f0177796e5b8bd10f22.jpg,1.0
2749,920ebc930c3430d3cb174e6c88f12f58.jpg,1.0
4271,ba1ab9a1a19f7512a4fa6a2b0f9cea17.jpg,1.0
3311,96e46f12988c7fe8dcfd354d050a0b07.jpg,1.0
1547,1271d64c1daf3c8bcfc2e7d5de1fb25e.jpg,1.0
2004,4c4d503ecafdbf5b99283d571a2e20aa.jpg,1.0
3708,83c52ca09fa80c6a0693b780f325bd0d.jpg,1.0
435,2e01bf0b15d8f5f23383d281561ea6e8.jpg,1.0
1169,653b0d383ce8157bee4ba4cfe292fce7.jpg,1.0
829,0aaaf15f9bce7c3a4b56ce455b44962e.jpg,1.0
2024,0bf9774d12c593868820416938e00344.jpg,1.0
4122,1ebfd4b6067a168acaede6c957e183ad.jpg,1.0
2149,f45c16cf37cc2d1a0f83ed15c08f1a18.jpg,1.0
3238,378b2df4a13ba4b0b26c91a241d2193a.jpg,1.0
960,db2b2f6b86ecc9d0ad64d7466e6d1d58.jpg,1.0
1682,abc656d3f2f8bce9f9eb7542eb2d2383.jpg,1.0
3700,0abba4d267cddd5750f94773b0a69403.jpg,1.0
324,a9136daf829297f262284c39e1f0a99f.jpg,1.0
282,e8da15be6808e3e04dd1585ded5fdddc.jpg,1.0
3893,9f0f5f00719d94d64117055b8801d924.jpg,1.0
1853,a0efa80f04de5eba86e87e88c5a11360.jpg,1.0
2076,8d3b9f356af5ee390faab2f2dfe13141.jpg,1.0
1362,bad74aaf7aadae7790552fc9687a8402.jpg,1.0
2453,d6fee9d26d367e296dba76b0a2a5a6d4.jpg,1.0
2360,26ced265412a9690232d1e0eb5fadabe.jpg,1.0
4147,bb59418ee0aded766c29b0534b11c934.jpg,1.0
1148,0978295a5db3f4f1cb5d9ee3e1caa4f6.jpg,1.0
2321,5ede87b0da1ce67911869a60bcefeaa9.jpg,1.0
1261,91244f8cf4358b4bff1640a8e59ef70f.jpg,1.0
3141,3371fa8fd2bc002604ed83a67c68d97f.jpg,1.0
796,3a96477b2a8e370544f793d8ae67b92e.jpg,1.0
4206,0d01dd374c1974e53f75cc6084de6b3c.jpg,1.0
77,18640f237dcc3f6fd401def74d3094be.jpg,1.0
1402,c3f0eda230399563356982184f09bcbe.jpg,1.0
3768,7076b253ea42ecea8d2ecfa10586a184.jpg,1.0
415,6189ba63f305cde4b3bdde901f0c00da.jpg,1.0
1635,f265015ef884a7a9b9091ef87d131f89.jpg,1.0
1810,2430fb95bbf176a16a32d9101e0951a1.jpg,1.0
3438,3da3a34ff195e5bd434afbf523e89ada.jpg,1.0
396,c49e00ad3c821c2fed4987c10f8b4140.jpg,1.0
85,1fc3ec9af5b5f50ea258189f26df354e.jpg,1.0
2551,c544c894471e5e70939fe5f5670b3751.jpg,1.0
1941,87b58bb65f642028068d0217444035eb.jpg,1.0
3546,2fe014af24ccca076a40e13f619576d1.jpg,1.0
3515,ea5ef9741e6fd62f7da6aa558270a981.jpg,1.0
107,233c2639943dedfe065bc8e8ad985799.jpg,1.0
1236,6947dbfebb15e7b2875f62a54f1cc75d.jpg,1.0
2358,cd50fa1f518d73940231e864d0b7466c.jpg,1.0
111,98e63672e3e68ee36504f5df5cf0d748.jpg,1.0
2752,46851efa61a65507da1a510ab66bd00f.jpg,1.0
4046,2a7fd5bba008db99ab18011d1f13796b.jpg,1.0
3813,fc6d6e99154570fc1244343c692e6366.jpg,1.0
4171,eb3c9f4c5fcff59af47289ca6faa17e2.jpg,1.0
903,2874958b6d74d2e8cd1df8eac1192944.jpg,1.0
987,3297cd186a8f6df6494b41a5fb5f0009.jpg,1.0
1334,57445ff59f88aee9deed82dfb06c0982.jpg,1.0
3835,dc8a2e5e9427baafd5d3e1a3b03c9b4b.jpg,1.0
2636,e786b282e1b24ed175fdaffaa954efaf.jpg,1.0
689,83bb28ca48d3086f3b2a07eec2589848.jpg,1.0
3820,46310c9a5749fda4afe7db67142793b7.jpg,1.0
694,d68575ed2d1d8c9df95331491fbcf512.jpg,1.0
4191,cbeccdac8924a60aaec4bfe75919d3a0.jpg,1.0
2677,c6044c251bafa4a87758048bdc09cc95.jpg,1.0
1885,b3e858ccc0e990bc43b9fb5f4c30b2a9.jpg,1.0
2860,5abb8cb528b7def7fcfe4c2439909661.jpg,1.0
1426,973cc3b29cbc84ddb42cf4a622bbf948.jpg,1.0
1007,0f70237d1baeae13f5a4c7d44b9a7a8a.jpg,1.0
1479,72ffa5bb78101b33e3a1feb69c6fb9a9.jpg,1.0
2264,2241306ddfee11eae69ba9e205f3e7c4.jpg,1.0
4278,4bb0f8ee0b19437f0f6dfedb8878666c.jpg,1.0
1443,f32630eb1938e12674428d2a4549d0ef.jpg,1.0
929,fc2e59d8e7e10c8eed4e2d08904e5d39.jpg,1.0
1523,d4cf83016edee73312e5bad8e7d7e13b.jpg,1.0
3131,99e31a3990046fc37c5d0d6037a7a0ef.jpg,1.0
3022,f91c5ffbaaf76efd8c3f7092e77244ea.jpg,1.0
1691,bda9c709640337dccd2a813b237fa963.jpg,1.0
4159,759f2399588e5cedbd2fb2d78df2d477.jpg,1.0
925,77bc941020cc11562fdfc2b45b0e9ba4.jpg,1.0
1119,46fd25068b5fcf9b8d6c6673e69202a5.jpg,1.0
3719,0b67a8267501345beb6c87089576dedb.jpg,1.0
189,4211fc9f79510d9edd642089a6bdd2d4.jpg,1.0
2934,0ec707f52fb3c16e6b6e65d554448a92.jpg,1.0
2714,5f3f9eec5274e64018f2acf95e0d0edc.jpg,1.0
213,a54f6be8729b5445c07e8855b11da2cf.jpg,1.0
1377,6c69a1856d52632da7ac538a48762c7a.jpg,1.0
235,2bdcbd8b7f0a578e2a527b09c06bbe5f.jpg,1.0
3493,cf6cece00156b7db063cc9bcfba8e938.jpg,1.0
3102,dbf75e64935d4e9bd47edd5ed10063dc.jpg,1.0
1802,eb3687d816a288b4db9761cf28c0593f.jpg,1.0
2509,a336ea5c1f85b484ea5c64f680a336d8.jpg,1.0
38,4bd6c6e5073afc42ffde0ae075ccfbd2.jpg,1.0
1688,fc969d03771c9483251651c6b011be7c.jpg,1.0
918,569d3f4840aef35881b9e9718927d2f4.jpg,1.0
338,3835ddf978c4df34041a2a78f2e0a545.jpg,1.0
2324,d98796fce0a79e2fe503547a19ec5c47.jpg,1.0
1714,938dd5a7954efbee0de198066ef3f8c5.jpg,1.0
577,26f1805dd87baa70ddb07947e41716d4.jpg,1.0
1432,3d7f081200e5718328085fbd04507888.jpg,1.0
838,fc243545f4420ea071b957485e89f939.jpg,1.0
3558,bdafe716f0370bf7dc370a4651451bf6.jpg,1.0
246,fa384a65d735ea808819776dc06a578a.jpg,1.0
1811,3c08cd14a91437fbb445dc3411d3c9b1.jpg,1.0
3157,2ccba7ce06d7531155b96ca9dad90a50.jpg,1.0
1871,2632fb4f73aa4e84cb94c416544f0b08.jpg,1.0
1628,5971068f48f01363ee045ac260a60426.jpg,1.0
319,715d24b2564de889dd1aa9ea763fe96d.jpg,1.0
1006,d59229521c94453a213eaea5da576ebb.jpg,1.0
3389,a294bc5dd06748b2d649c0bff6db5d74.jpg,1.0
701,d3352e4537c571e1f0c3acac7c3f9b07.jpg,1.0
4257,5d118e98b61875fb49c40402bc1cdf7d.jpg,1.0
3006,b9f3eaec5a92204b15dfb5e02f8166fb.jpg,1.0
1265,7e30aec5a5db5d8dfc134d5bd58d4965.jpg,1.0
523,4c4cb786e92fbb3991be246e56559d17.jpg,1.0
3760,b4e8a0f3b7bbf28a92dadca1278021c7.jpg,1.0
643,15c4bee86f09210351e5b72f68ef04ad.jpg,1.0
3437,048812d4ce9ff2f29fd20abde567f68c.jpg,1.0
3072,0a069db36d3be4821643efdf57ce3a50.jpg,1.0
3412,6adb797eaf160634ed06456300ecd085.jpg,1.0
2596,c1026bc937a83b7f69e95fb84c612ded.jpg,1.0
1087,fdaeae05e51bd0e8b3c062f87df90005.jpg,1.0
2142,bc718a638ace589c6cfd20bf47f0d796.jpg,1.0
3588,f940f33a82410466137fc2aa96b0c3b3.jpg,1.0
2399,28ed76ffeae749e770266fde500704b9.jpg,1.0
3040,7a4040505dd879c760ed3957f735c49d.jpg,1.0
3261,2ccdbdb79ffa49076417093fdfb128c0.jpg,1.0
3645,791d88a0804c38b1417a2536b7308247.jpg,1.0
3581,17f7a557fa0def0a00bfa7f125a7a671.jpg,1.0
2524,25acae998d5edd230baed0fcc1d701c5.jpg,1.0
3883,fb02f48fa464c1408436349a371ffc63.jpg,1.0
674,67102afe2ff930e9c9fb1b9cb90b84ce.jpg,1.0
1198,dd8243c15d717058e560531053d9f79f.jpg,1.0
1940,d6dd9be4acff463f68b3ec211c18c29e.jpg,1.0
2944,d0ea14fd7c3786ca648c897cb830d08b.jpg,1.0
1818,e9ade1d5be2768d0f7c0c02de3d4377a.jpg,1.0
3000,b5c055c0718fd5d6cb08af126237c5fb.jpg,1.0
727,67c815b6715cbee72922b65ae9f4e835.jpg,1.0
1597,5d805e8ff06937f1f5bf8b2367c1343c.jpg,1.0
3481,59fe63d5ff334890768642ff14e01a19.jpg,1.0
1259,3b2478e83bacd8986d0feba6906291c0.jpg,1.0
2624,9cd0a89df6b5950c369fe6e8da7a63cd.jpg,1.0
500,f4e8a5db72b8bd15bd16d12c05c237f9.jpg,1.0
1490,5e8c4f7d02aa95a9c473ac19283088ef.jpg,1.0
226,fd3fa999374f609f3e5528a8657ad81c.jpg,1.0
1065,58fbe5198ed60926041415ba2b88e018.jpg,1.0
3858,709414d71d6dfff41df2d87f5fd47e3a.jpg,1.0
2848,2a31dd42f9571adf0cd8623adcdec305.jpg,1.0
1760,adfa8995ee06506af260ee70e4c3e0fe.jpg,1.0
2356,e5798f5629d867aae79a2dacc395b2c1.jpg,1.0
2559,6691a6d0ad0219d944074f538ff48868.jpg,1.0
1612,a40244f6297f3834ce543bd8c83c99a9.jpg,1.0
3092,f442a05ce1f96d66e2dd937b85d09a82.jpg,1.0
1970,40c796ba6e6d4341053426ab23a514f9.jpg,1.0
154,625ee45d13531a1d55cbd2af80468e33.jpg,1.0
2075,dffe6f85a129b6788f53930445c3cbcd.jpg,1.0
3693,64d912b0a053b77256f19a93a21a9c28.jpg,1.0
3844,8d66f425167b5c68d77102dc1f1736e0.jpg,1.0
3681,e7646a5a134818bd14761b85a789f64e.jpg,1.0
2918,1184c8b05e99b13f2d751019a68fd6d2.jpg,1.0
405,f6cb3a0ccbd7a5f551efc4cd5d589fc4.jpg,1.0
2727,91839050a3526875acb24407b1a126fb.jpg,1.0
2116,0a80e2a4043a285593de6f923254c8fb.jpg,1.0
743,adff4b16bfa55cccb4f4ee7ba5b69da9.jpg,1.0
1976,6284fee59ab0f17c8ada6a55a6d41f76.jpg,1.0
781,e5db1ddd28f71571004a5e0a8ee17ebe.jpg,1.0
2077,eecc0871666b9b72011ac5d64cf245c9.jpg,1.0
1858,db53639d0c8b605c393d118c2f07c933.jpg,1.0
3134,302d2ea984b623f7420299161fb89ee4.jpg,1.0
1776,9e5571b072e0e6d903c33c59e2b2a649.jpg,1.0
228,3d2d6183057cdc7c2e3737bcf9569b13.jpg,1.0
3641,21b15c4c0f99aee57f7f5dc44c7df03d.jpg,1.0
4061,330a386b510e5d749eacb64e05298b9f.jpg,1.0
3012,3bb8f304668b23b981e2e819e46a9645.jpg,1.0
1194,1a2aa58f5ea9dcd0956632cb38bb0ab8.jpg,1.0
2511,38627382915cc75678ff03b28f23ea91.jpg,1.0
3351,845f1d3b97aeb81c9377f2621a67d138.jpg,1.0
2369,6b9a1aec78ddb6cf1940cdfa13352139.jpg,1.0
3795,04eb567842fc5841018736c37020d830.jpg,1.0
1450,fd0ea70aa841f4384a81dabfe7a1677f.jpg,1.0
429,14382973f88fe4cc469bfaa7110a7d77.jpg,1.0
4038,d81ec14c9dd86f169dd8c22e9e1650da.jpg,1.0
2173,81f7661a1852ea0da693b9872fb27184.jpg,1.0
90,b3b939950ca80ea41796483ec906b6c1.jpg,1.0
915,1e23c6268fc687bb03b1165a97b6e2d9.jpg,1.0
4053,e9dcf532dab07e88d33038f0e0dc5b62.jpg,1.0
1798,cefd557925b6ac78ad3f7ef3d824a384.jpg,1.0
2584,c597b42a68a5dff35fc6271eefc4dba8.jpg,1.0
118,a7491df5d363e9bef62254896d0bbd8d.jpg,1.0
3221,46962500c50f59b98548f28798aebf98.jpg,1.0
2040,2c6bd2677a4a769460816b7afa446a4d.jpg,1.0
3987,0df4306b914dc89c7f8c5996d7948f93.jpg,1.0
2536,c74a2bc5b4ba6545cb5a23d2845dfedd.jpg,1.0
2550,b40f98cb3427a09057e9fbd866415727.jpg,1.0
128,f534573ba49e7ebe42d2475e00bf3a3a.jpg,1.0
2685,11783044222a58e3be7e737042aa7e79.jpg,1.0
233,eca80e65a491a70533cd0128cc08779c.jpg,1.0
303,eb20768be7c0a74bdd926f9908e7aec6.jpg,1.0
3442,e72a8ecc69b920917c8cbc4e76ea5265.jpg,1.0
1709,94c25a7c51a99c10c5f4feb839f936bf.jpg,1.0
1770,224cf724ebefa24ad59843f226c4e769.jpg,1.0
1053,1acf811b78be71e0976a943607dffd6e.jpg,1.0
275,c889c4d48bac74fc79d28c432c52dbff.jpg,1.0
2178,69f7f2f0d7e4a622748dab13b069fb0b.jpg,1.0
350,c18c26cf9dcba6e937d2dfd38d2b836c.jpg,1.0
1510,b2214c03af09b48e71c8d380e4acab86.jpg,1.0
1415,6ed994a92f32fa6159e8b3ee31167be4.jpg,1.0
3980,d7c2770dbb853b624934bcb66825c650.jpg,1.0
733,7f13405dbf00e31dd5d8a872d3f6439c.jpg,1.0
3691,974b1005d91963a01502b6884b67ee08.jpg,1.0
3789,9adb8e43951c41b5fb13163a31963d73.jpg,1.0
1892,429337aaecae571cbf5f39f59fc0f6b4.jpg,1.0
2813,1db5b60374cb6e75188cd5ae153c0697.jpg,1.0
2865,de20dbe97b537190cd3b84576faaa47b.jpg,1.0
3480,06490aa43afd796ddf041a5e9847823a.jpg,1.0
3487,cfb942dc279d19d860e8dfbb6fc47532.jpg,1.0
2186,798771c74d9aa76a5b1ce2a8a58ddfee.jpg,1.0
1524,6736e5b2f977d2df08135f2c7493391f.jpg,1.0
613,4fceda8a8955b5a6eafe56458b0e8a11.jpg,1.0
378,16ea269371fe4a5dd7557505caba2880.jpg,1.0
793,0daff75164acee59e2efb5439dfda621.jpg,1.0
1553,8f1a723cab9abeac968c3c340ecbd213.jpg,1.0
1036,ecfe63aa9ed29043a8ecbf31b4bd12af.jpg,1.0
1231,4f82afcccaddd655b03a51f3984b4aeb.jpg,1.0
1282,4dd8f906c63ccdc5edea7e31137ce0b4.jpg,1.0
4213,5cea378d863d636be356e2e49130d8e3.jpg,1.0
1223,4e4087d99ca47dc6642376591a5baf33.jpg,1.0
3620,5c37372473ac13b56e92c6b44ffcda9a.jpg,1.0
2342,7fdcd266c9cf60cd1fc2ed739f50bf64.jpg,1.0
1045,3e1f2b2b2f4c0a8f22e244698f289367.jpg,1.0
2769,e8257505022cb0de4a826422599c97b8.jpg,1.0
3005,13414525f1007d3d31dd8ef9113332dd.jpg,1.0
2834,c20e1ef9b8e1f5db31956d9e72fad6a5.jpg,1.0
2224,220cb791399427be965198da51249024.jpg,1.0
1911,7fe24cfc487b6ade5b73732ad4e5f3e8.jpg,1.0
1986,7f81f121a40806df9c2509ac13dcad5e.jpg,1.0
1361,c088b7c497fd903307792ce76bc54694.jpg,1.0
50,5437e7d01635e4564f13ad7ca87c3c6a.jpg,1.0
605,4350c39f35543df1e3e1c13922fc51cb.jpg,1.0
1468,028cd0cbaf7d0978196ade82a637b1e6.jpg,1.0
800,2f759ec8d4dd7d7bec08b22ac2bf311d.jpg,1.0
164,8e4865268197750460c31963a500da1f.jpg,1.0
3614,19116950d5eac96fa967fec00e0c914f.jpg,1.0
2294,add61ffae4bc2db028cebb9a8c7cdd60.jpg,1.0
4117,8c36e329c5b5af0d0a2d24487461022d.jpg,1.0
4055,f5b1dac62af256a6fff051636073800c.jpg,1.0
1329,2444ce977fb383fcf383ca2125a9793e.jpg,1.0
1340,602397e5d2bd35d51e5a1638a632db6a.jpg,1.0
1337,2785e9adda0cbd6b963efaa5dfd5a001.jpg,1.0
71,044c8ddfda220b8d1f363368612fcc14.jpg,1.0
2249,fd6e90549909e9c3fe735601997813ac.jpg,1.0
3633,d07868f474c85fb296cd4fde5a212a7d.jpg,1.0
2154,c6d4aebb6daccd2b8a1c162791c1dc0f.jpg,1.0
1658,31ac0bb8c6af3c9e299430a244de3343.jpg,1.0
3424,fa6bbc8bf85a480c6b662bffce49c276.jpg,1.0
2512,ed582a18664052b6791f5ee5f1d99bbd.jpg,1.0
485,f50ca75f0a5d2941280d7612dbbb2bc1.jpg,1.0
823,524dccc39992fa3e9fa73237f6744e2d.jpg,1.0
3265,81d07e1dd6bce2989609ee5420d77ff8.jpg,1.0
2492,1b3d7fd535c5554de004f24d8a1efb25.jpg,1.0
3380,8840854c94485100c15983f79f4c60e1.jpg,1.0
911,a3e051857a70da31adcd1e9894ac30b7.jpg,1.0
1262,e02b39aa2fb1b20f7d695c5852a552e3.jpg,1.0
1120,49777d6081d63f22ea170f1d06e8b57e.jpg,1.0
588,12398fb1ffd1dff025bee8bd2d11d8fb.jpg,1.0
1110,7a10217b3b6e4b5bdb3a5fb629d0a9ad.jpg,1.0
979,80bb56d424c749035bed640b9ccdd506.jpg,1.0
2001,fb6442044a44255721cf2e6651e76d8b.jpg,1.0
1827,82973b2df5bd38e35038b5ade544fccb.jpg,1.0
3533,e7ea3c1b9129900d96c6f185de151b11.jpg,1.0
1646,ebbb601168485da80da5009cbcdf5346.jpg,1.0
2336,82252284960356a309caabd75274d287.jpg,1.0
3426,f43f77930419718dfcc122477faa5d59.jpg,1.0
3735,3b754cfe46ea87255984896b6b00f0da.jpg,1.0
3435,62742cbc3e1139ba2f8307ccafece6d6.jpg,1.0
4079,1733146b7f791d07cb43018113d75e7f.jpg,1.0
12,c3213b2efc8ad3bfbcb37396536550ab.jpg,1.0
4148,c93cfccd3cc656fb8b4090f95b6e4753.jpg,1.0
2132,4bf852e03cce66be8d72b4cd21aa8eba.jpg,1.0
3874,27187150cdb8d92e091a2e8be92722c2.jpg,1.0
2380,e145d70040e17a15a0b5e8aa0afd2610.jpg,1.0
2496,9105a40d98f7111ae460111c1ee183e4.jpg,1.0
532,c240a51e7daa4d7e3f7ac32367f21f2a.jpg,1.0
2516,d1c2c3b24b9ef1fd2f8394e1277d628e.jpg,1.0
3905,a1226421258c5deae58e5991e27ac702.jpg,1.0
3561,b5b14317866feca8862c9741496e03df.jpg,1.0
2704,0f5690fdafd83221c2ecb64ecbffa7d4.jpg,1.0
94,58d373d71bd85ea0a1a7c8c83e29e905.jpg,1.0
2212,fb847bf1c6867df3a0416166a6702333.jpg,1.0
2890,330d78ba7224d85a67859da6970e9129.jpg,1.0
410,674198989425b57e8b3739d8f66f13d0.jpg,1.0
3731,0c420a8271a6ee9beaf9f80024c8b926.jpg,1.0
439,1ee3e9f452a24d7c268aee3764005837.jpg,1.0
3385,fe306542e1eb2fc570bcee97aba45119.jpg,1.0
1736,9f92f5046450c4bd7e43c45cca651de0.jpg,1.0
1739,d8aa668d195f2104c3c954d6c000d897.jpg,1.0
3628,d7e98d251fab0863ae9e43de5b9ad3b2.jpg,1.0
3188,0d83048d7f544245951c899441b02de4.jpg,1.0
3147,dd5c63d9163d7da45feb2b13e6ce71f1.jpg,1.0
3099,97d89633bff87cf849da88a4bfcb3aec.jpg,1.0
1807,03c3eff2fbb5a7ee5757d60b311607af.jpg,1.0
1717,60b184307c73f848d94faa248e8e6ca2.jpg,1.0
4181,614c16d5def32bc0e9af8f42989297ab.jpg,1.0
2725,ecfba4806536536c7a438b775c15fa7f.jpg,1.0
2460,5d900d135b21300efeb13a2c55eb4d15.jpg,1.0
1889,285829d7b9c1ebc4382977f549fd2007.jpg,1.0
3145,4d047b666df85588be7d6ff348c052f4.jpg,1.0
2695,5056ed2a5e98a52d549ebd8025cd34bd.jpg,1.0
179,5d0b6dd310217560a67adf182b9741ea.jpg,1.0
1000,108377aaf59effb32fc49b51cddf2e84.jpg,1.0
2214,98ba14986d9bec04ff961bbdfb96d573.jpg,1.0
1197,eb612d8441433c2ff5881bfa58ee42d8.jpg,1.0
4009,a141682599baa3e824a82cf4b3bfa415.jpg,1.0
2817,2daf0f03f02cf6878a9ec7802c0401e4.jpg,1.0
1791,457bf491e10e34e231127d361b602497.jpg,1.0
1724,15088e6e717a7a2221cf70c27f0aac4d.jpg,1.0
1056,44bf9a12afcc770133e3b16d627fa605.jpg,1.0
3537,27206c4222d30bf1289793cc00d70697.jpg,1.0
1821,b361dd75b251d28cc5eb483164e08345.jpg,1.0
3465,540dce86a56f749679058588f9623ae1.jpg,1.0
699,b7c4f0fd8b4ae01dfe4a08623b70f9a7.jpg,1.0
2521,f4220748d15800623b0579a03aaa62d1.jpg,1.0
3262,7597b78d447cda634149be4dc701bd72.jpg,1.0
3845,504d5bbdc72f9eb201d6de942c155403.jpg,1.0
789,97644eff2902674a2895630de0254731.jpg,1.0
3425,62cad65d257c4632fcfabb548b56cb7a.jpg,1.0
177,b42226a52717f0eded51f4d1a67eaa9a.jpg,1.0
516,fe7a835e7d91bbdea038a8e4d1a816fa.jpg,1.0
2508,4f2b586626950b249c610037d643a0a9.jpg,1.0
1915,f0590d5cc48fbd3cda1c40171c33a50b.jpg,1.0
3695,ed3c360e3669c8fffdb8faaa5c9fe36a.jpg,1.0
1464,d2952331142cf64bdaa2a3d663fef5f0.jpg,1.0
620,36bf746526a07f6a9ecfa9e821249483.jpg,1.0
1393,ae3153c61b818cda6a7a8d44390b6f78.jpg,1.0
3676,fd2ee6da2172cd3d62a37063942b7502.jpg,1.0
3459,dcadfb97e539ff94ebfbd258347997cc.jpg,1.0
3373,ad1f12547528fdeeaf46c1210a5ab675.jpg,1.0
4194,9adb2680e364cb5cea70b6609038bf7a.jpg,1.0
2744,0ae4c4c257c101165dce65d33431fa1f.jpg,1.0
1544,8d4eff9f8ddbfb160d8cecba240530bf.jpg,1.0
3706,f366a3b8e6435c2e5c105b4013cade86.jpg,1.0
1644,770ddccd78c24fb986f4a6016ca726fd.jpg,1.0
3815,8b99474a815bc16d2387732047aed89f.jpg,1.0
3392,2e82996e1bd84a666738a535b8f71fed.jpg,1.0
2805,6a7c71c4c262dd6b2383f65724a19125.jpg,1.0
4251,3c2bb34fe0c48139a7c4272f1809b0a8.jpg,1.0
3224,1da77c38f8403fdc6077bb1e008bef37.jpg,1.0
1763,7064948d37b22ddc0aedf3b7f45cf652.jpg,1.0
3366,23bdfec5b2b089fc67546442c0d6c9db.jpg,1.0
1601,a24f0d77f7bbc208f624005e2031a17a.jpg,1.0
3911,17f4cbba30db67923df1544057b0af22.jpg,1.0
1375,5a596929a9b5fb8e21d204466f9ac62f.jpg,1.0
2884,e684942d3889b9a35a1bf1d6288fe18f.jpg,1.0
2532,059b4be0e80b36e1e7ed91c5c9f77dd8.jpg,1.0
3114,e4fc9d80a78e8cd7acd9758466b257f7.jpg,1.0
2517,149a6d2a888f6b54e57351b9ea71f5f5.jpg,1.0
2851,12e10edbed17c2872cd19c577041ddeb.jpg,1.0
3665,eadc913ce2b64fce1f95fb623cd72627.jpg,1.0
597,ebcc4a10cbce7053dcd86796d4880601.jpg,1.0
507,fc2234b163d59323cc7fcc40f1eb9407.jpg,1.0
2300,3878a4b0ac291033cad382bb6673efd9.jpg,1.0
3915,270db3b9e83176b33e82dc6b3d133b9d.jpg,1.0
3612,76c20bd7d66a5ca1b301d7f04708d149.jpg,1.0
1777,8f6389dd37697601c19209754e20e499.jpg,1.0
3281,476ba146f7f39573b63375636b3f66b4.jpg,1.0
2310,6313532389234f38f5b323c8e0011283.jpg,1.0
4309,92a283088100ceda2d5646f148df40c3.jpg,1.0
932,80ee8e9c76922e0872ff32e7ee701386.jpg,1.0
1170,b9ed8ca4d95dcc03e818202c4fd0a407.jpg,1.0
4025,7021a77a5fd8ed03123637ba310f0bfa.jpg,1.0
2494,d587886fa493fa06cecc442628c9bccc.jpg,1.0
1661,d233375e54af052215f75e6c31afa3de.jpg,1.0
2171,7ff4127ef43927ece40d2ac335dd95f2.jpg,1.0
521,1615e9dd25cd9ad2a12344f34099eb50.jpg,1.0
3624,88a04a1612a51aad30874f0078edc44a.jpg,1.0
1222,3effb5bf06cd0188fa69590039422c52.jpg,1.0
1103,465a96239a7a36aa3feee99ab2f02507.jpg,1.0
170,4dbee59a193c80ec13e13535e0f4ada9.jpg,1.0
347,b40f7787e847a67a1a146c4da8d86cd5.jpg,1.0
3173,0f97648dc50b489194a91223a07bfb13.jpg,1.0
1767,91c60b0f743327f3e681292f4d1dfa2f.jpg,1.0
2403,2299d225aaa9f43e5c18c1afb01895ae.jpg,1.0
3906,c76dba0ec7a8fe3377c083d2ab4a6aa1.jpg,1.0
3137,2ddcefca3f7c19c1718979f27ddb3b64.jpg,1.0
3848,dae8ad363e2af687228f0f3eda763e92.jpg,1.0
791,c6d7d4e76e3f852b3fd77d16fcc9da37.jpg,1.0
3605,cd305ef363ec5956e33032ee6b8a1636.jpg,1.0
681,a5ce9ca73c2957f5add0d92006c5eaeb.jpg,1.0
2926,9586cd365158312a32fcbbf1a029483d.jpg,1.0
2693,9eb8e82920449437e55de3258fce213d.jpg,1.0
121,d7a9a2375ef6ae5797288404cfb6af98.jpg,1.0
2017,a49b6d2d2e110c3c2647db1002973a6b.jpg,1.0
1277,9a047dd3dd1dfee10783c7a7f0afbfed.jpg,1.0
2765,183a16e0b9df14a6681d8f0ebb059655.jpg,1.0
229,053573f37c4816ede2e8deb875ab1c8a.jpg,1.0
2682,97c58e98c59261b1b4aa7c4144bf9f58.jpg,1.0
4014,130117bce8a90e8203f7c48d1ab55111.jpg,1.0
2424,69b9d653360d764e6be394ce0a3d7450.jpg,1.0
4295,5eb52de26c53bbbff5ddff8df19aa736.jpg,1.0
953,84c53c1252c1cb3256e8bfdf85528767.jpg,1.0
1129,563a48a8a2032e5cb5e3485af796443f.jpg,1.0
1894,d0457cd5f7756009d77331a087683443.jpg,1.0
1234,e393314d6dc17b3783ea0ba260f3e254.jpg,1.0
2205,eeb1da205b1f393dad87636bdc64e36c.jpg,1.0
662,b3ec0ea7ada9ee99d963c4f7440b0f3d.jpg,1.0
1312,1d1ef1b53f89e428e9f132cfdae97160.jpg,1.0
1930,f6d1e23e6f151275de9da52402c484d2.jpg,1.0
4192,86142a643fa4923867d7e8034089f316.jpg,1.0
1501,fc8e1834f5b9bb402de3b01c6dee1c6f.jpg,1.0
1665,dc2a6b432963da8eb938099a7e57f3b5.jpg,1.0
2281,a6b7552b7f710f389366f4bddc464dfd.jpg,1.0
302,c795351b03263aea4cfc50fc154ce9ef.jpg,1.0
3683,434e5d1b4af653132a8b038eaf10e3d7.jpg,1.0
2947,fb4700975bccb15492749eb5fd2e1b21.jpg,1.0
2751,b70fa6a747466e0917da96d38e9ec83c.jpg,1.0
2977,c2e5b27e89a8513294492ee2acdb6b2e.jpg,1.0
1837,e7f4e52090d8b09d349c39dbe2f56d8e.jpg,1.0
1567,21963cb6dcbe8cc90d49954af4ea6022.jpg,1.0
2334,44359f2575e3a81e75a72ed934c051f8.jpg,1.0
3350,d94b43bf4586ff8ec4dfcca2da7770ce.jpg,1.0
1250,c1497b29be72d6255ff52f0c6f1e139b.jpg,1.0
673,0718d4d53aa88465c514520041c2cab4.jpg,1.0
3039,06597e560b35f1480237acd8a7f65c1f.jpg,1.0
2556,8e52b923ea68718c6d965a01f06c2c2c.jpg,1.0
3712,d5e0c625a4d94f1fa7c2bff2892a5db7.jpg,1.0
2141,d7aa5ff6d69fb89ee084821ffe8745f9.jpg,1.0
2115,86cbd95e41db6ce18a4af889183ad995.jpg,1.0
54,36b536679308505147aef490d53f5381.jpg,1.0
703,5488380f2e2888630f46d1c1bb1decd8.jpg,1.0
1271,78c320ef97b54f58ffcde4e03de8d159.jpg,1.0
3538,dd84e2df272d0ec8ba27a946815edd71.jpg,1.0
2601,59ce64de620d3a8f5548010f36688704.jpg,1.0
327,9a23e56c4c5c2c0b3f25396201257c4c.jpg,1.0
1471,698cbb88aba782e44ada3d41260c5482.jpg,1.0
2553,77550ed6874a56224ff22ca2bbba8bb9.jpg,1.0
794,3d62d28cd6e3db927b954faeac9dc2b8.jpg,1.0
1091,b18c7e1a2b6cb1da7eb489234276da54.jpg,1.0
3475,e3a760079278e0b3d6c4f1ca8ef3d8f2.jpg,1.0
3036,f6cd5400c29073e80fd2769199138818.jpg,1.0
232,d963399cea5f1b708e7ad141d029950c.jpg,1.0
1409,0f82f81e68c635b0a46928e579977738.jpg,1.0
4275,69e3305dd072aecba872bfef3c895390.jpg,1.0
4216,2a14c43c7bcbf63543099da943e6f5aa.jpg,1.0
4292,6732fbbdfb2b20bec5dbecef2c474a5e.jpg,1.0
321,6fba7849f5aa651fed2a2369b34f124e.jpg,1.0
965,ff19f8f5f940df9e28403c96fbdc18ce.jpg,1.0
3566,c38be756fad23a61307464b7bcb680b0.jpg,1.0
1503,ecf13f0abb46beecabc08dec4655e367.jpg,1.0
1388,a7b5dd19ff1116f7f1d5f19258630a07.jpg,1.0
2125,d10a11fcd07e1c673ab7afa041f45421.jpg,1.0
2605,cda05eb92ed9515b9a46186cb0c2825b.jpg,1.0
1181,3d979f99490843a55431ff75ffe7bea6.jpg,1.0
788,0facc5d7651133ee025811392e50e91f.jpg,1.0
1029,04041041f424a1ef1eabdda8d424650e.jpg,1.0
4260,71faaa557eaec729d7cb10f705fe7699.jpg,1.0
1728,92465ef8925e5ebda1574d4bd9ac900d.jpg,1.0
3153,5622ebc249ccc67843b88dab5e469ece.jpg,1.0
2221,943451e2e2caf2d6dc76c2fe081e7882.jpg,1.0
3346,cd7ac7311e4058e3940f411db2eea06e.jpg,1.0
810,c3e9a4ab703432856e398eb397e93f58.jpg,1.0
2190,fd0a405ba2f43ec8dbb12bcd84b19f2c.jpg,1.0
2919,0c8f7d39d9cfd13f2ca51930ff4763ed.jpg,1.0
3384,9d3a717dfb34e6509852ad77f620de7b.jpg,1.0
4,9aa1946ed15e353623bc794fc2613119.jpg,1.0
3934,55eddad760852691201059d1e11841e7.jpg,1.0
2347,226c75aea19a933ed5a7b19141582648.jpg,1.0
3753,1a3a0655e02b923b42ac62f40d99f5fc.jpg,1.0
735,4d091acbfa63466c4b65cd025085d102.jpg,1.0
3738,1413b40659f634ccb866518f13b7fdb1.jpg,1.0
1405,e1ffb1b1d3f8b55bacfd2214f8912823.jpg,1.0
190,f3441b57196e670baee482defdffdee0.jpg,1.0
3780,0a35cfbfbc9bc7a99d1946e0039eb7bd.jpg,1.0
1948,76e5f719d2f63b0c3b117f23984d3488.jpg,1.0
3866,abd5ddfc27a05591cdeaabde0ef29034.jpg,1.0
2811,af23d764a3efdb63c0bf38379bcaa01a.jpg,1.0
3808,f5843aa5aa607b22b3fe3fd3957226e7.jpg,1.0
584,39cc70eb370c103f652f83f6f218fbe2.jpg,1.0
2090,1020bbb8fd0c9440da3bb473b2707e20.jpg,1.0
710,5b42753c145528b0ea558eef754ab13d.jpg,1.0
2998,a502d120e609f6c0dbec3a0cd0fc6ddf.jpg,1.0
2906,9757d05c10013b743a13109d441712fe.jpg,1.0
375,7848d460c615f81268f4f34e20e6bf0a.jpg,1.0
2247,a28dff3564660532541eafb916df813f.jpg,1.0
3511,fe827d1288b5ad07dcb5119d84541a85.jpg,1.0
3041,87e6e7ac044665d116b786a80513b411.jpg,1.0
3634,5730a5751624d1b1d1444969cc657954.jpg,2.0
4236,cf0af6515be33539015b6ea31b9678eb.jpg,2.0
1901,76ebfa075b9b068365d9ef1c45470f26.jpg,2.0
408,d819689e06472ce6c5a374fe3eeecd6e.jpg,2.0
3787,1fa31f057cde29a6a25aaaf6071b491f.jpg,2.0
4199,cc51000b554f1688d2eb1e07a8f8db04.jpg,2.0
562,f8af8f68e689f1f18dc0f70e66cbe0f7.jpg,2.0
762,04c4619946256248d5e1c4e8c2db3a1e.jpg,2.0
2139,6bd96f3649fb032cee117a21c8b2f38c.jpg,2.0
2470,7e85ae9b00ae2ad8e05bfc4d22fc9d06.jpg,2.0
2807,184476c236f95ee37c37f9b8ac289b5a.jpg,2.0
462,e4599762bdb3ed322f27949e6572e3de.jpg,2.0
1913,00ba6e5339894347e74e4c31e17546a9.jpg,2.0
2530,b6530a3f63ecdd1a645edd0c8c8af4ab.jpg,2.0
1452,a8f67b1ebd185a2b17d2e44c0e6af7f2.jpg,2.0
1439,e1913eb8d472d3dfeb6bba8caf069d8a.jpg,2.0
806,07f4fe8c7dbbe9329823dca3c86c1c39.jpg,2.0
419,3aa034c840f7956d8eaf6132e476eef5.jpg,2.0
593,468a3a47f3a9994681e68b916043dcb0.jpg,2.0
300,1cbb82fd18adfc466b3fec99340bdfeb.jpg,2.0
3456,c0c8e440ad3de5d1de07427e930f6875.jpg,2.0
2320,d07f6c22063e286d275bd36fe2bfc81a.jpg,2.0
1804,a4924d77b5dc43c42634cc5a0cf65a8c.jpg,2.0
768,32c2bfba10e55046bfbbd7db56b0403c.jpg,2.0
2253,ba4f2c954d29ac2e2ddd7b72ec04c7ba.jpg,2.0
2317,c78fa956199081b3cb790bf9757516f5.jpg,2.0
2575,76f77a7eaac8d66dddd00d52ac73a375.jpg,2.0
1995,29d242225d8b83c5273fde46a4ae47a8.jpg,2.0
3919,80af681cb6162f77b7c8e392dc665ebf.jpg,2.0
3506,90929e0137e0a09dd0ba08e1899e1c14.jpg,2.0
318,c7f02faaa7336dee9287b93dc35d39e9.jpg,2.0
3754,1c15886ba094f3c2a253498f801be6f6.jpg,2.0
940,ffdf65d9155f9c194cf7f0e160e7b245.jpg,2.0
163,f722f53d1554afd203cdf54a5fbeb72f.jpg,2.0
3739,6a0a7eea1740ddd3168070e6e35aa1f1.jpg,2.0
2297,bfd3ad014970693ff4d51dce47d6c1ea.jpg,2.0
1240,0c2000ea9441f9632e0abd6f9ebd9bc8.jpg,2.0
1245,db49687a86a582ca1ff7a2fbe21fa357.jpg,2.0
2395,70715e9b65822414964bf9358ade84c0.jpg,2.0
1830,5ca880135f0b48950bbcab7a1babe557.jpg,2.0
2195,37cd2b209f6f5487a874a417abbd668a.jpg,2.0
1668,af3de93b70c353385a3116f46d6db8d6.jpg,2.0
117,ac5165c5764523714aec9863b2ca51c0.jpg,2.0
894,ed0dcae94294fdfc17d66a7a3ab8a439.jpg,2.0
2571,57654f970a79653f4d1269ce42e50304.jpg,2.0
2979,7a11e8648bdba772b82d4be6b3f59b4d.jpg,2.0
3503,e6c161ac2e39b679cec29c94e64f91fd.jpg,2.0
3398,c1fccb7b889d81b25afd0a6c1b0cfb9b.jpg,2.0
2701,79b0ea82d818c9fc04b72c33db487b38.jpg,2.0
2503,f4f7011b7140c9a25d92427f79bb9b88.jpg,2.0
3161,3477a8911321cc2aff83b0cc2e82cdb2.jpg,2.0
403,0abc4edfed3a7a41ce4f7f546a649795.jpg,2.0
745,cf40717ebd7c3114fb846d6050c17beb.jpg,2.0
4318,d0abed61063c6976ba048936978551df.jpg,2.0
1520,2941b1d4f1a8a672bac03765e05dc64d.jpg,2.0
134,e26462b6edd8c0538f966597d24c5427.jpg,2.0
3955,e0c701e3b68b6ff822c14b82610789c1.jpg,2.0
3842,0b1823cb02f5ed5dbb01e0e84717a0d1.jpg,2.0
3627,5773e80c553ba1ea5c9236b8fcb330d0.jpg,2.0
1751,2455fa0093e161a0848d52a9276c518f.jpg,2.0
473,7afbba2c973f06c2bc0ec295b15a565c.jpg,2.0
644,b66a404ef872f2112c52a15d73e41d87.jpg,2.0
2,0fa23e93e1db938e0ad6a26199a7c230.jpg,2.0
910,4afd1e8f92c30a069a25520e80a4fde8.jpg,2.0
1305,6ba4548bb50fdcc47fdf4ad92187aaff.jpg,2.0
606,38ba9eaf0ca7c19dfee0ba289240b09b.jpg,2.0
1556,eb65ef77d7a1f114614befd4d656baf3.jpg,2.0
2337,0a4607e9cc7fdfe4f9dc20b6ce0af79c.jpg,2.0
2623,a82025e0241c364f97d7f2c9f483d013.jpg,2.0
579,f4c67cefe19f8ddc6b9ef6fb6dfd52f4.jpg,2.0
3020,4475cfc7c8908ded8e6cd3791c26aede.jpg,2.0
411,42cc171d316412969d703d2583fca719.jpg,2.0
1841,3029bfc34e528616b2b67adac4948321.jpg,2.0
3994,9be1fb3e3947a0b8e81d5195206bc2bd.jpg,2.0
3839,cf789c1dc416b305559a2c31596c8362.jpg,2.0
3972,fd9fe1d310878a90e56ce25d2dd8cdd7.jpg,2.0
2626,3dd51e28dc9095b279a756025569e8be.jpg,2.0
3269,0d82b790210c04dc67b8191f973a1aad.jpg,2.0
4218,e7ea0189d638b716d3933339e8ab2665.jpg,2.0
889,0a33a7b7928d7fc811e01ed70fdf15c8.jpg,2.0
3908,1703e4665be605a2d410be586f529cf7.jpg,2.0
354,c30ab687589d2c2f83e8fbd38e7d61ec.jpg,2.0
2088,3bc2a463cb681666527ff8479748bd40.jpg,2.0
3775,210b81ba424c71b07bfae89ef65a6cba.jpg,2.0
1270,0d112117b3c3878aa33242cc206e8a7e.jpg,2.0
1530,708c4b674ad97a244536501118a0c047.jpg,2.0
3148,931e8dc01170857531b45c0d53648f89.jpg,2.0
3233,329023da12649af48b2600220abca654.jpg,2.0
615,e2c644f6c04ab358457a35e01b3acf13.jpg,2.0
3997,1ba57e7d8a18b18f7de312ff9c73b4e7.jpg,2.0
2373,f16755782a1be47e03f17757f527a7f3.jpg,2.0
4118,8c59a4d719151106343760ab6bb92af6.jpg,2.0
1753,74b520478b0d50ee4ac98a859a1f7f4b.jpg,2.0
3429,a0633bdcb7b3b6755ea8a9d4b8dd4d31.jpg,2.0
1536,495892dd4093be4ebbb3307b5e60a294.jpg,2.0
2846,bdb8167854223c3a3822eee87079cdf8.jpg,2.0
1079,257cb8176efcd853dfa8a726fe3ae255.jpg,2.0
2920,755ee7ea64efad0fd5e07a7c494af713.jpg,2.0
811,92c78605b2c496b4e7f3bbbe7b2eaaa8.jpg,2.0
3387,201bd2e5f8d14160a2d7c349049d52ff.jpg,2.0
949,092891dbbc39622f2c218bc9e848dbea.jpg,2.0
2814,d862f6a202cba4d4ef6f3997bdcfb279.jpg,2.0
3917,03cc6e708fe7e75a9f79faaa49d82e34.jpg,2.0
1839,bfa507f184730f6e9eb1ea748b73ee56.jpg,2.0
2849,454624acacb66f7abfa957b0bbf55dd3.jpg,2.0
3432,451d236727e2e65dabbe56d86437eaf0.jpg,2.0
1787,d57a7f386395795a24e2c5fed72d3c3e.jpg,2.0
234,856cc946e5c2550c73d1227b0d5f75df.jpg,2.0
778,87ef05b3b23cc7ac07176d7058884835.jpg,2.0
1080,8c580c3d0c9e09774d394b4fc46afdc4.jpg,2.0
2389,f249fe62397ca1ff352698de4643a8d8.jpg,2.0
957,99b9449a4814f0425e5b765cdab783dc.jpg,2.0
1341,1fb6172e80ee374f234663d3e27a206d.jpg,2.0
2150,94a1fab0ae93fd5d4abd1fc8f73f9ca2.jpg,2.0
1680,23bc5649c048e6d74fa4ec442678478f.jpg,2.0
2750,a4206f9a86e3492c0c4aaf0a3488a4c6.jpg,2.0
2988,88ec6e1d141cc4a2246e100f14ee6315.jpg,2.0
456,3bc244e09a1366d5ea7c528cee12637e.jpg,2.0
3112,29e95f6daf4aff65352a6038cbc55dbc.jpg,2.0
991,7208d7c8f35fb8fc4788bc936847aca2.jpg,2.0
1088,54f1a9bcea8d17d8edfff2d08317226d.jpg,2.0
3321,ed9c3a40b4b3258cdbb73e252ad5a851.jpg,2.0
1410,62bf0b873a0f51e23a0d924662016854.jpg,2.0
1561,20552261fb90cdf0faf2a847884b7fda.jpg,2.0
3643,8d180ed2962decc914e8af9463ac4da9.jpg,2.0
474,0e2d01ce293965e86adfb67ff96614f3.jpg,2.0
2635,514fdd9d1252c7ed4d0f3223ab025426.jpg,2.0
635,e962a6a600935566407826910ee59e8f.jpg,2.0
3447,7ac2169652ec943b3ca7a75375dd8029.jpg,2.0
4002,0e1ef0853c7db5a04b5c8fb7b6bbe2a1.jpg,2.0
2438,84ad87fd7e58b42b20581df05dc5f688.jpg,2.0
1371,0e0a4e8f115e3a617aef9bd23e46a4e4.jpg,2.0
1884,81cf6422e06d2f70eb69e4c7dbb1fca7.jpg,2.0
3870,ba0dad731eaebcd190cb0906d41967f0.jpg,2.0
2886,1a88f92c5d52161efca2bf458627238f.jpg,2.0
3450,02855e4ac097c0b8bbd921231faf8e2f.jpg,2.0
4270,17a8203f5b6fda2854cccab50e0fc3fc.jpg,2.0
3090,e0608aad55083a8abbb5bcd9df2bf918.jpg,2.0
3829,d2fd196050b9e4b548aa4a5fb28e4b7b.jpg,2.0
4040,07e6dcd520c15aeb4323bcb56cdb1760.jpg,2.0
2929,9975032f0b7de8263429689a8be80db2.jpg,2.0
2687,e1b3cfc917bc8a6681a6da6be255aaca.jpg,2.0
1650,ddc7e9aee7df57ca95e748c77e140787.jpg,2.0
1846,273c4804fe5a176d762c2bafb65bf697.jpg,2.0
3649,37f2b74baec79172139f040c362d63aa.jpg,2.0
966,e286447d888dedc087bb16a648ba5058.jpg,2.0
574,ef0616e801940532b931958be14f51e5.jpg,2.0
4209,47c90893ca8c47e480315f1924bd0964.jpg,2.0
2757,d29937e8b44b7d0954e425a2be117bd7.jpg,2.0
2485,0c8b53ef1ef5cd1a46c1ddae605b9c7b.jpg,2.0
3318,fd1199611e9c3f37b2ddf076abd8e41b.jpg,2.0
1429,45701fe3f90dbbb3262d724aecba8e08.jpg,2.0
4015,3c9543a8d8e9b1a844cfa50a7fca7261.jpg,2.0
4076,5a87e8f11e40a8ff5ff4c3d3e0a02944.jpg,2.0
2800,3a418333be0ecba3f5d32d0ffe207a8f.jpg,2.0
3887,ffe00be404132d04f35f49897f0f848f.jpg,2.0
2044,d6c6aa337690d8b4f037f43f4975c05f.jpg,2.0
2949,80a97811fea455640639645123dafc8c.jpg,2.0
1017,cb84ce8470660dc0c2ba42cbb9ffd33a.jpg,2.0
288,b6752f087f9100940c98e36b0e28d213.jpg,2.0
18,d2f131144830e6360b4412d0ffa594eb.jpg,2.0
4106,7b3300f8ea98690f7e2cffc18db9a07c.jpg,2.0
1577,4bb679b12c10055fca82e9e29f78926b.jpg,2.0
799,32e83a93c6d404f5b46c194a773a0416.jpg,2.0
251,808aadadf68e555943fc98330d86e6a7.jpg,2.0
3484,c0c2a085e022665e40141ba5a61afecb.jpg,2.0
955,91fcc9c7e75962757243647c8f339f79.jpg,2.0
142,d761d189382f0ed0228244d55f71f41d.jpg,2.0
1932,b18e2c37c2a6b715205611b0ba100a26.jpg,2.0
3685,2b3fd8fda93eda41f5b4ba88b0d68287.jpg,2.0
773,d75e5733cbd43cb56098055e63b11212.jpg,2.0
2066,4335f9e05a89f6cd6c40a8e11360c469.jpg,2.0
678,52d28e2e0dbd6fc240ba648bc5be765a.jpg,2.0
1309,32db551522171dc4f221d0db06aff110.jpg,2.0
3050,ddbd846e0c42d7c525508f17ac11ff9b.jpg,2.0
2408,cb523035574a2a9ab9dd49346f8b6db1.jpg,2.0
31,bef7df74848581c6d8120f948fc20b3f.jpg,2.0
3623,6ac114b8df0726d25f2101d3951b98d6.jpg,2.0
452,106f3e43f38be03a5ab935999ec90b18.jpg,2.0
1128,dace6a28be85db656889c55a94f9a79e.jpg,2.0
2085,77afb0d6d2a33cc297987cabb9bb4896.jpg,2.0
2361,4e3b7ef7f99b3be1e6b2a439147c231f.jpg,2.0
1325,e78302ae66ba9f22368c91abb3b58dbd.jpg,2.0
271,9aa1f603c123faf769cdb7bb4c8566a5.jpg,2.0
2421,54b0c652912ab3edf7080c5f50ed9531.jpg,2.0
326,b0b4ca1b0dc9759b83465473ab5228b8.jpg,2.0
909,bc51a771ddd34cd16f7f8922bc5ccb2e.jpg,2.0
1083,65770538c3b2f61af06ac584f5a9e872.jpg,2.0
412,c03a768f482c34343ddefb17e8ecaaf5.jpg,2.0
337,38ec53add4b4c109fc9246bef134f102.jpg,2.0
3399,60a8baaa626bc6ef82dd1082b65f4017.jpg,2.0
1528,b2b1c5eddfa6a77988ef4d41c4b79b9a.jpg,2.0
2638,6ae65f4691c2ca65c2d780f00e946a7c.jpg,2.0
629,fd7a97504a0005c614699431d9f1dfea.jpg,2.0
3228,9740348d3c76f46809320c91c19ffc97.jpg,2.0
512,fc8ab8372ee2f13a8ffbff3a119e3379.jpg,2.0
1243,ec771d8cc8d88784e51811e63806e411.jpg,2.0
2079,025b8ad0a84bffd2b4b6a0b53d946a4a.jpg,2.0
230,b570072ae444b9a49fc19dfce7d8fe5e.jpg,2.0
4104,dd95f5d0197509fec4355acf81da7226.jpg,2.0
3203,8ac7e7e95a5a3b9ad92c6ef6fbba5341.jpg,2.0
1598,6993bee2cd585913dd412a7c21655623.jpg,2.0
1130,d75d3a9c5e7eba8587f5bbc1dad1d4dc.jpg,2.0
1502,261a6ce61d0fa54101168f03bdfb2cb4.jpg,2.0
1914,935127cfb4e78922f3f660e4442eac4e.jpg,2.0
2781,c488675a6269fc17c62f22c49a4d20f7.jpg,2.0
1768,d4c91bae2c3993dd44a8f415267920e7.jpg,2.0
1281,697ae81d005a9e57364cca16d3cf6b76.jpg,2.0
2239,5f60336aa74d61507dc113b0efa148cc.jpg,2.0
1738,c123207b02a281c3728895132032a0b4.jpg,2.0
2959,a6b413a1a2a3f4f270fc1518547a73fc.jpg,2.0
122,12d69a661fe0ad87d079d246c812d1ee.jpg,2.0
390,a90916f4f8ca392e595a3e9c43aa97aa.jpg,2.0
3728,eb9e173f109ba137b33fed7d5d50661b.jpg,2.0
4265,bdfb59fd65e2e53b85ebc6792de3aa5c.jpg,2.0
3043,8484831ce92888b546bf1e0608f64cad.jpg,2.0
2568,bf46ef934862b7ded05317d12ab0a284.jpg,2.0
2130,87213109c92cf5e20546a2cb988a7eba.jpg,2.0
25,c4baf73346f174463a39ddc1f63169f6.jpg,2.0
3292,8905a10e4eb11b3d2c20eea0d20562b3.jpg,2.0
360,b31651970a5aeedde63dd7cf2d276379.jpg,2.0
1267,27b34a1ddad8f3014cfc71b7dd9a571b.jpg,2.0
320,2779f858dc7c2edf9dfa40ac28f45c4b.jpg,2.0
2233,b8a4d8fd0a34b1ffb1849c49f01b3458.jpg,2.0
239,06e2cd15229c163b3443c3a2c2fea26f.jpg,2.0
717,df246f1a4a930764450a9ad0e1f74730.jpg,2.0
197,2916cab418787b5424249942355282b7.jpg,2.0
1403,879ac05e42fcfd26293472079167a2a5.jpg,2.0
2652,e19dbdd27e519c2a0dade920fcb530bd.jpg,2.0
3409,7e19361ee722ff905cb79255f1ac2057.jpg,2.0
626,76a25cb47fa22d29009af3f63b30ec9c.jpg,2.0
851,3ea784ac93b27b11033cad904de7ecb9.jpg,2.0
1706,48ee03b796eefda75063186cf0a08793.jpg,2.0
37,07f924032f3bca3f5702f4c4ac4ea8af.jpg,2.0
3358,578c09fe4e8fb99de423cf245764e0b8.jpg,2.0
2905,06fc7493a0df67f88be28b5e81b4f07a.jpg,2.0
334,5992d783bc0afc34e91e46871fd0f394.jpg,2.0
737,46a0ae37ed29e888736bc4c7a5ec3ee2.jpg,2.0
4232,6451cf862f9d9c155cd5c855186f2f73.jpg,2.0
1627,cf52e07dc66b0536719818ed55b27653.jpg,2.0
2589,5e333f59d9cd4418d5b5bb9c59f3a5b9.jpg,2.0
3824,71b303ccd51b23919d81095221368528.jpg,2.0
655,08b0e3d81175d39e09319da4da6393e6.jpg,2.0
3849,1eef4e994f18c53f48d60b921417a3c7.jpg,2.0
1336,b4cd44213c373d8126a1941ccef52ce2.jpg,2.0
2522,067496381bb92538994eb03883f2d556.jpg,2.0
2030,6de1f284e5a7db5c3d0b9b44537c49e1.jpg,2.0
1176,76dc1a359fdcacfb468f559758deee25.jpg,2.0
3469,5b50488895ffde482efd5ce9617d136f.jpg,2.0
3368,dec2aacd618f6b84612e9c2ea00d60be.jpg,2.0
1589,74283555e5332cc6ed3514ddd20bbc7f.jpg,2.0
2305,09428c461894836faadff957cf32d5b3.jpg,2.0
343,3c87ee9dfff331370c54a631b7f66821.jpg,2.0
4022,17231800c7edc6ff8118928219408548.jpg,2.0
3300,41d9cfde8b092f7f73932197ad3fdc11.jpg,2.0
3066,80cb629fc42581021cfcd104fc635eee.jpg,2.0
3498,0aec6fffb81440adce70d19b05e6582a.jpg,2.0
4125,4a02715d7d73b0bc6b91b2cae88043a0.jpg,2.0
833,35fcd4f641cb707c41ca334d46e345fe.jpg,2.0
4121,c5eca1c632952bed261d590a7e634611.jpg,2.0
