,img_name,times_aug_color
3,003418d64812702a483b2605f2d6b334.jpg,1.0
6,00ba6e5339894347e74e4c31e17546a9.jpg,1.0
47,0347ed48c9125511c2b99dfd1a3ed3f3.jpg,1.0
81,051896cc924a37769484fa427c1c3b6b.jpg,1.0
82,05261999b826f660dc0ffe08f89ab160.jpg,1.0
89,0562f96cd6429b2e69e8e07e6fbec57f.jpg,1.0
91,05a43cc0b0ec7b82377ef0f25e866423.jpg,1.0
95,05c5faa64b55ba4022ffad3c2cdaca34.jpg,1.0
98,05eef9ff6676fcbef05f5f7ed3f528e0.jpg,1.0
99,0608a97efb6409a4da2b01ce367a947c.jpg,1.0
102,0641fb67663e17f3162ec3d742862110.jpg,1.0
104,06490aa43afd796ddf041a5e9847823a.jpg,1.0
109,067b156978733e843efdc0e235e0f322.jpg,1.0
117,07311e8ccfbfcec107179e6cf3323212.jpg,1.0
124,07882d411a1508767c92933172e990ac.jpg,1.0
139,0894f46cb8495a227660c8fc9ad3833e.jpg,1.0
141,08a358cf07e7347ec84a113841a9f8fa.jpg,1.0
144,08cb9e38d4273476eac912f48d298d4d.jpg,1.0
148,09098e8638c9ce1a4314f35524dad7b4.jpg,1.0
151,0936f7351579e916f0f5d085271af69a.jpg,1.0
155,095147d412ff5a520e46855e36dbd099.jpg,1.0
171,0a58d8f302e341a38354ec0c870e2fa6.jpg,1.0
172,0a592667e4bd765aa67c0766cbe104c7.jpg,1.0
178,0aaaf15f9bce7c3a4b56ce455b44962e.jpg,1.0
180,0abc4edfed3a7a41ce4f7f546a649795.jpg,1.0
182,0ace6e147262ef6a5f383331d02f3a8d.jpg,1.0
185,0ad854342b420daa700c9e72983bc809.jpg,1.0
190,0b1823cb02f5ed5dbb01e0e84717a0d1.jpg,1.0
214,0c8f7d39d9cfd13f2ca51930ff4763ed.jpg,1.0
222,0d112117b3c3878aa33242cc206e8a7e.jpg,1.0
228,0d4cf92e1cc0847178f0ad79e186456d.jpg,1.0
249,0e50aaa5af7ae1e1c1905059b6c746d7.jpg,1.0
251,0e80c0820d934daf90347ee06a64f9d4.jpg,1.0
252,0e869c12bba3f26e1f940ea1ca4942a8.jpg,1.0
253,0e96736221229669d2ecb36c4749c37a.jpg,1.0
259,0f60f2a1daa9d786b680953646b56f17.jpg,1.0
274,1020bbb8fd0c9440da3bb473b2707e20.jpg,1.0
278,1040860fbb10538ef5080f70c6d1ed3c.jpg,1.0
294,111f62759566870f71f90b664d495ff6.jpg,1.0
304,11d7f8e829db9e5ed19cc2616acd00d4.jpg,1.0
313,12398fb1ffd1dff025bee8bd2d11d8fb.jpg,1.0
315,125628b32b012363a82212ae2cbe3f4c.jpg,1.0
323,12d69a661fe0ad87d079d246c812d1ee.jpg,1.0
339,139134f3670a92ce042be8fe73244246.jpg,1.0
340,13dc756f6e7d7ece9b9276e8aa34c1ce.jpg,1.0
344,1410cfc0eab4bcc01da1eaacb24707e0.jpg,1.0
345,1413b40659f634ccb866518f13b7fdb1.jpg,1.0
358,15088e6e717a7a2221cf70c27f0aac4d.jpg,1.0
362,1560965db6baef9b48d645acf866e2ef.jpg,1.0
368,15bbd1b04fbdaca01e622859c41aeac6.jpg,1.0
370,15cf0e1de545f51547d84458731b0d76.jpg,1.0
371,15d45a120e183e4b52850b4608f7efa2.jpg,1.0
372,15d78eac6d12dbdc632cc2819f2821b0.jpg,1.0
376,161ae66d455bdfc4f55e992e81eb2205.jpg,1.0
378,1639e77b81fad8bb97e8b98f27675ec5.jpg,1.0
383,166c93e9de320cbdda1fd7ce34ded28b.jpg,1.0
387,16a2a06695155a9eaa415a1854b21a67.jpg,1.0
392,16e1b4dfc94b076052363611ee1ae438.jpg,1.0
393,16ea269371fe4a5dd7557505caba2880.jpg,1.0
396,1718e38a37f4c584d4face10d0f255c9.jpg,1.0
403,175f5726b3cc04db8bb2217b20ffa055.jpg,1.0
404,176a0878a76489473bb05eafdfa6733c.jpg,1.0
405,177f691070489f5ba581aca0f5df8a82.jpg,1.0
414,17f7a557fa0def0a00bfa7f125a7a671.jpg,1.0
418,183969996e534d62156f2d8e76d7194f.jpg,1.0
421,185cdaf8dc811a76fc0069c481b7e22d.jpg,1.0
424,1896ea954d32bf60f12486203a0a843f.jpg,1.0
429,18efa4988e8843ab8923445b3a5f50bd.jpg,1.0
431,19116950d5eac96fa967fec00e0c914f.jpg,1.0
432,194760005405c222d508e00cd68de915.jpg,1.0
433,194c8dc5fde7c495c246f8ab134b27aa.jpg,1.0
442,19d2e096bb97bbc538161a6775817790.jpg,1.0
446,1a37cccfa9a65f75b73023d90bc6ceb6.jpg,1.0
455,1a923c2139f451c5d9ab99f20e972135.jpg,1.0
458,1ac5d41c4f8a5e392d7a35f3020f43f8.jpg,1.0
468,1c15886ba094f3c2a253498f801be6f6.jpg,1.0
481,1cbb82fd18adfc466b3fec99340bdfeb.jpg,1.0
486,1d3bc59d3ec9e20e52b3a02a34b6f772.jpg,1.0
491,1d990842772b53eb75c69ffd62a7ca51.jpg,1.0
499,1dff8e9af4162fda6b091cbd8aa13430.jpg,1.0
519,1f2dd65550f74adde3f369e1d2cc3368.jpg,1.0
523,1f648f14cc9c29e71b9e6b5ca94d9d00.jpg,1.0
524,1f78dfe909d529a2f25257fcebfca972.jpg,1.0
531,1fb6172e80ee374f234663d3e27a206d.jpg,1.0
555,21963cb6dcbe8cc90d49954af4ea6022.jpg,1.0
564,220cb791399427be965198da51249024.jpg,1.0
566,2232ecdea2647d0898d3c06983fe2dc5.jpg,1.0
584,232dfc19220e6a725921b582504e0cfd.jpg,1.0
587,2341c27909e808e9891ad8c80a73d5fe.jpg,1.0
605,2430fb95bbf176a16a32d9101e0951a1.jpg,1.0
616,24dc7303aa076586b5695fd74c1804ce.jpg,1.0
621,2568e387128d240f2831db2c7070a269.jpg,1.0
624,2582c215665aa7cc14565a05f8a26f5f.jpg,1.0
625,259a5546e4dd29802b71b8b498dd6622.jpg,1.0
628,25aa47d429d0940ed42e80f07e5a9abe.jpg,1.0
651,271362a432ab2ef14167f05bebe888ef.jpg,1.0
658,2746eeadcecfd31a1840839c90b36f61.jpg,1.0
659,274df1a63e8803fdc6b89245d5d97af0.jpg,1.0
660,2778dec925eb44ca85dfd01f4e5a6d81.jpg,1.0
662,2785e9adda0cbd6b963efaa5dfd5a001.jpg,1.0
669,27f7877f7edd259ca8580f1ddc3795ab.jpg,1.0
670,28316384e5bff4d4a7e262b38f4173b3.jpg,1.0
680,293f7620c3e434c450824d0c70ab425c.jpg,1.0
685,297f02072344fc313a6de6fe84fab174.jpg,1.0
687,29b66fca871afb3958ebdd9563e81008.jpg,1.0
694,2a3d9de95942ea8cd35b59b2057d21d2.jpg,1.0
698,2a794fc0c9bbb9bd54bd6dc50007c1c0.jpg,1.0
704,2b1e252beb13248a09e404dc414c8ce9.jpg,1.0
705,2b1fe8dd540d88c86dcc91e8eb3dc6aa.jpg,1.0
713,2b77dfb29182a41b85be2dd05d4e9c0a.jpg,1.0
719,2bea55b41a2911cfa0b83e2f8b42970c.jpg,1.0
725,2c412c6b19515b17b5e39e78bdd6cb98.jpg,1.0
728,2c4a002e30d3badb8f34c262bbc3161f.jpg,1.0
732,2ccdbdb79ffa49076417093fdfb128c0.jpg,1.0
735,2d0c779517b28b6c8a20fd2802d0c54a.jpg,1.0
744,2d8874a3e7caefeb9bead342d7743c87.jpg,1.0
749,2dbb46400fdb1f1abfcfcd9e0a19e867.jpg,1.0
761,2e5ccefa01f4618e955d65f1322c2de1.jpg,1.0
770,2eebeb23ebf58bf5b609e1b0914471aa.jpg,1.0
776,2f372f988df574a26b8d9290fea6761d.jpg,1.0
787,3001c1bf1b53d070c0fb7b90fb787498.jpg,1.0
798,30b5974224672106d9e301a2a8384610.jpg,1.0
802,313def631ba790916a26217b45605484.jpg,1.0
804,3167c1bd00ff7dab43bfe38556700f75.jpg,1.0
806,318e3db888591e894056b63700c04d60.jpg,1.0
814,31e18722a3aeff4df621145e827daa2f.jpg,1.0
815,31e5aa14c92f79c5ab8f12a8cbac61b5.jpg,1.0
818,31f9849f57b1e96506fbd308e7ff3efa.jpg,1.0
831,32be0f328620cab526ebee135eee4f70.jpg,1.0
835,32e00635e31810be250e31e5c20678f2.jpg,1.0
841,331ed663a1f11d2b570916d2f87448a6.jpg,1.0
844,33303a25ec8865820ab80afd5c5d7258.jpg,1.0
851,33a5a99c13cf392477a85409c2f7ee4a.jpg,1.0
852,33b3b0ef98fcd3f6f47cc1340f3b14ed.jpg,1.0
858,3453a4d71e199e66cdf06c31eb9cd155.jpg,1.0
859,34541149803fe0892edf16d305f62c03.jpg,1.0
862,346f73bea470b9081620a3834ff028e6.jpg,1.0
886,35cb6424a70c02070c7399acdf4b28ce.jpg,1.0
887,35fb9d7a113d7d91e53805663b17eb49.jpg,1.0
894,3685e2066603af6f024247340134ee40.jpg,1.0
899,36b5724e5358da3871f102efe00b1327.jpg,1.0
904,36e5a92740665a9eefefe9e680be16e0.jpg,1.0
907,3719fdecf20e19bef81fb4ba43e5937b.jpg,1.0
908,3732a27332bb111557ad7748e05b8082.jpg,1.0
915,37f2b74baec79172139f040c362d63aa.jpg,1.0
922,38211b211d6d7bf2765ca37f387fcb62.jpg,1.0
924,3835ddf978c4df34041a2a78f2e0a545.jpg,1.0
930,3878a4b0ac291033cad382bb6673efd9.jpg,1.0
942,3957334edd57a86c7d88b40d8438e17b.jpg,1.0
949,39b102b878336c47d8a02b4bfc976400.jpg,1.0
952,39cc70eb370c103f652f83f6f218fbe2.jpg,1.0
953,39d25a92688f1032d0fe1f114a9881e5.jpg,1.0
954,39d8464eac0e977b471b13425b8d234c.jpg,1.0
966,3a96477b2a8e370544f793d8ae67b92e.jpg,1.0
967,3a97c6f5902dd4a2afb65ed844fc5c14.jpg,1.0
969,3acc7cef05df79d66a94bafd01eaa44c.jpg,1.0
987,3c592ba83c2be0b9ce4267620fabc5f5.jpg,1.0
1001,3d3eed9c4a192ac522e7d2514ff496db.jpg,1.0
1004,3d62d28cd6e3db927b954faeac9dc2b8.jpg,1.0
1009,3d7f081200e5718328085fbd04507888.jpg,1.0
1010,3d8eef3c07b4efea94e627857d2ff801.jpg,1.0
1016,3dd1e7c4660033a535f1d0dbcf9f890a.jpg,1.0
1022,3e46da93cd389058e6639bb546a563e9.jpg,1.0
1029,3e8ea2670983898ee438b35cf96d5bc0.jpg,1.0
1039,3effb5bf06cd0188fa69590039422c52.jpg,1.0
1042,3f14a9c5ade908bfaccd4ba2918502e8.jpg,1.0
1044,3f1b59f0257fb843e5dcb3957d53337c.jpg,1.0
1047,3fb1771a5e05937425990ad426366150.jpg,1.0
1051,3fcb517de61aefd14501ac8379f8fa47.jpg,1.0
1054,3fff7aa04ffdc3cff5f5f70517afea85.jpg,1.0
1055,401c55161c1f12c3877dc9eedc3f64b8.jpg,1.0
1065,40c796ba6e6d4341053426ab23a514f9.jpg,1.0
1066,40d0d580916b83af98bab3fea59588a8.jpg,1.0
1070,4151152d2769e517a80a5a31e5c4b372.jpg,1.0
1083,42444605597d39bb2a29bebc59524f02.jpg,1.0
1092,43230ab9393acb648180cfa39405b4fb.jpg,1.0
1120,4432a5cb1a753e7d88b5a88992ac8c2b.jpg,1.0
1140,4562a5beee49a99f4086f20c7210d5cd.jpg,1.0
1149,464a14b608612d190c0b822c9fdc8a3b.jpg,1.0
1150,465a96239a7a36aa3feee99ab2f02507.jpg,1.0
1153,46851efa61a65507da1a510ab66bd00f.jpg,1.0
1158,46a84e4a4e9295c9237e75217fdfece1.jpg,1.0
1174,479e2985f480beb0f48d65fa70e6a588.jpg,1.0
1177,47c90893ca8c47e480315f1924bd0964.jpg,1.0
1180,47d770eb5b57961e9b82ac2cf5d31fd6.jpg,1.0
1187,48617a977b32a4418b93531c029994c4.jpg,1.0
1192,48b58074a34d093f8dc9b1cdee78be8c.jpg,1.0
1193,48ecc62cebc5f55f26148322b6fada4c.jpg,1.0
1197,49165bbe369c2fdf5b389d2ad392c07d.jpg,1.0
1200,4947c5c569e70b998d2a47f9ed53586a.jpg,1.0
1203,495b2fb9b39a1516cfd2e6fe6e659383.jpg,1.0
1205,49b0e95978cb0e78a49bd08c011f98d9.jpg,1.0
1207,49c3934dd2ddb536fc5d519bd7283cd3.jpg,1.0
1217,4a43217040325c97bc5eb42aad808802.jpg,1.0
1220,4a977e05a0fb38faf398f7871543d401.jpg,1.0
1221,4a9c1f50627aa32d6ba8036a8e9c6125.jpg,1.0
1224,4afd1e8f92c30a069a25520e80a4fde8.jpg,1.0
1225,4b030e49d14b46aae03499f48d94ba1c.jpg,1.0
1231,4b25cb80f28020f7732621f2e07b8fc9.jpg,1.0
1246,4c13d71240d1febd83658db4879ee5ee.jpg,1.0
1257,4c69222b718c69a46ca7eeaa4022f86a.jpg,1.0
1258,4c6937965ef640f3dbd9c56234138b56.jpg,1.0
1267,4d047b666df85588be7d6ff348c052f4.jpg,1.0
1268,4d091acbfa63466c4b65cd025085d102.jpg,1.0
1281,4de03d7a33a710a99fbb3dedd241338e.jpg,1.0
1291,4e5939867bcf6feef216e660985d8553.jpg,1.0
1294,4e6d78518076903e5693ba2739a94c79.jpg,1.0
1297,4e8b39569997214b2360fdf9c5d3ff61.jpg,1.0
1319,4fceda8a8955b5a6eafe56458b0e8a11.jpg,1.0
1327,5056ed2a5e98a52d549ebd8025cd34bd.jpg,1.0
1328,508a49162cd854b8f6f8036a4500b59e.jpg,1.0
1329,508d3eb4f3619a41cb673e040a86bef6.jpg,1.0
1332,50c0381514f37b27a10569a6807e3a4c.jpg,1.0
1341,51497951065b6362815f11b82f084905.jpg,1.0
1344,516b1cad27d8dd5cd583890a275be182.jpg,1.0
1345,51724b7e3eba349c0b927c16920c0d04.jpg,1.0
1363,52d28e2e0dbd6fc240ba648bc5be765a.jpg,1.0
1367,53374ddfc1faac897c0ef9683af5696f.jpg,1.0
1380,53ff6b56fbc68c55840484a5d35c5b94.jpg,1.0
1381,540dce86a56f749679058588f9623ae1.jpg,1.0
1382,5419945247bf3150c589009cc22e0d9e.jpg,1.0
1386,54b0c652912ab3edf7080c5f50ed9531.jpg,1.0
1387,54cb523f094c28e883a11bdf5990f165.jpg,1.0
1390,54f1a9bcea8d17d8edfff2d08317226d.jpg,1.0
1397,558b78bed33dbb105f545d4218a492bf.jpg,1.0
1398,5591d15033c863574b43680cfbfe57d7.jpg,1.0
1402,55c104b3d7856fbc1c84fcf770a5a3e7.jpg,1.0
1410,5622ebc249ccc67843b88dab5e469ece.jpg,1.0
1417,56842a28dee278836c53074e76f2a5b9.jpg,1.0
1420,56a77f63545a149a476df38ec7a841f0.jpg,1.0
1425,56d99f8d709f5ced56b378b28a7f5568.jpg,1.0
1429,572ec6e835d0db490448a079e227d9b1.jpg,1.0
1430,5730a5751624d1b1d1444969cc657954.jpg,1.0
1440,57b903cefce9adef9fd209ca3c273cea.jpg,1.0
1446,580b6eb9fe220523e331ad61eae7cf4f.jpg,1.0
1448,581ec72fd81c9b3a6bdf72b6169d3445.jpg,1.0
1451,583a4aec77096213ac72f8c1c676e43d.jpg,1.0
1453,5848bafd035ee797e573132ccedf94ca.jpg,1.0
1462,591be8185e677fa1f69f216b818efee2.jpg,1.0
1463,592287a950f7a7d8ad4b6257c3933401.jpg,1.0
1464,5937423357e214ee633b66395de78974.jpg,1.0
1466,59661fe5b4c001f0d5d4d3d93a7801db.jpg,1.0
1469,5980b24711622da8bbf655e6944bf4e1.jpg,1.0
1470,5992c220e2d98b0d0477666358a98e66.jpg,1.0
1488,5a5a8b59b92ee6270fc5ac61f5b7ebd6.jpg,1.0
1505,5b42753c145528b0ea558eef754ab13d.jpg,1.0
1507,5b619eeab20457629a698803497c28f8.jpg,1.0
1513,5bcc4d353839af39593dfc4d9cdb4661.jpg,1.0
1538,5d7fc428f7878be58a8fea352dcc58a8.jpg,1.0
1539,5d805e8ff06937f1f5bf8b2367c1343c.jpg,1.0
1541,5d9378688baaf1f5f3974fd97d5dffc2.jpg,1.0
1544,5de94fb28d5ac88fd89d9d2bbd0c97d7.jpg,1.0
1554,5e8c4f7d02aa95a9c473ac19283088ef.jpg,1.0
1555,5e8e656086e4140786ba8160e3e7852c.jpg,1.0
1562,5ee857e5d4d4dde952410eb910469668.jpg,1.0
1571,5f97c79b3d00963481ba65e22a4ae32c.jpg,1.0
1572,5f97e1a4918aa0af6845500db7d48c4e.jpg,1.0
1573,5f9f93f9cff29284c09fc63ba9353219.jpg,1.0
1575,5fb2d7db71b03c2470cf6b6df5cff0a4.jpg,1.0
1577,5fdd473addaefe51c90d2cd16fb5e638.jpg,1.0
1578,5ff24cd22ca54e14adb2a4cdc24f7b92.jpg,1.0
1581,60057111d8cf460b307c44d0f322f88a.jpg,1.0
1583,602397e5d2bd35d51e5a1638a632db6a.jpg,1.0
1591,60a3a30a87fc2b0dcdf753d46ef0b8cf.jpg,1.0
1595,60bd205873ca8548d8f5c72fb53af945.jpg,1.0
1599,60f772e242e6d96e2d76c0de0137e232.jpg,1.0
1611,618d6334229a6004dc7cc5814afde599.jpg,1.0
1620,625ecc0f217413591491919fbad3ba64.jpg,1.0
1624,6284fee59ab0f17c8ada6a55a6d41f76.jpg,1.0
1625,6297cb0dfed47f52830fe8d33dee9c88.jpg,1.0
1627,62a8ed5a1302d3caaecfa42ddc1ecf0c.jpg,1.0
1631,62c236c309c9a1ecbd95e67544380965.jpg,1.0
1640,631b118a275a6fb20ae096031588994a.jpg,1.0
1646,63845f67170bec26007ece00fbff724b.jpg,1.0
1661,645de23512061d8b735e663f70e75ffe.jpg,1.0
1665,64de10a509e5ab8b1d435e8ba0b15efb.jpg,1.0
1671,652f2fab02941d764c31dacce11afd18.jpg,1.0
1672,653b0d383ce8157bee4ba4cfe292fce7.jpg,1.0
1673,655ac5e1f5bfc3e4258feda43de4b7fd.jpg,1.0
1678,65819274c659dacb3e97ee93f26fead9.jpg,1.0
1679,658509ed451504dc3f5a8b1c262d1f6f.jpg,1.0
1685,66310052e8f0096fa6704a959825a7c0.jpg,1.0
1686,6644847a46a23bfa4e5ddef2e0addf5c.jpg,1.0
1693,66a8b4e14142bdd8487579b833bdc772.jpg,1.0
1708,6758d10438e61295697ccf88f00b2327.jpg,1.0
1710,67880daa5d23c828cf68fcae7779a457.jpg,1.0
1741,698cbb88aba782e44ada3d41260c5482.jpg,1.0
1744,69988c111cc2d74dc00914d3d6b6a9f0.jpg,1.0
1753,6a0248701d29c778a211129c7ee8f4f0.jpg,1.0
1757,6a7c71c4c262dd6b2383f65724a19125.jpg,1.0
1777,6b9a1aec78ddb6cf1940cdfa13352139.jpg,1.0
1780,6baae5b6ed4c5f2e3952f5949b059b3b.jpg,1.0
1784,6bd5f84de0f33af0a4d5b990401915c6.jpg,1.0
1792,6c22b79687cda87af2b7b148182059ed.jpg,1.0
1796,6c60c61f5ed4964ae9422c5ef4746ae6.jpg,1.0
1815,6e383d9a4a76830bce98ee25a90224c9.jpg,1.0
1819,6e6630befb77b6829fc66d7227f8fa86.jpg,1.0
1830,6eef3ca1fb5c872df5caf76f30703717.jpg,1.0
1831,6f0832a24e4695531f0d3f15a8ac15bb.jpg,1.0
1832,6f150c390a9137ffb0dbbfc6566a3ee2.jpg,1.0
1833,6f20b9c6671b18832e5d70308e04a2e2.jpg,1.0
1841,6f729d09681be30ddbeb8a21029312c0.jpg,1.0
1842,6f7623f777edda65039aa655e5a21d13.jpg,1.0
1856,700a7fdbbb560a7ea31a93e71a56da91.jpg,1.0
1859,702b1f5733daffae9715d4f67e2ef517.jpg,1.0
1860,7050e3318f8dd85a0b536343c61a7d44.jpg,1.0
1865,70848d2137366baab98766b4647a9126.jpg,1.0
1867,708e59373449af2fa0f7fce5ba4b850a.jpg,1.0
1870,70b224f10da710a93f9563f584407086.jpg,1.0
1872,70e8fdf94e09937000983667d20f7e7e.jpg,1.0
1879,716ed96dbf0143c1807e9c249ca476ab.jpg,1.0
1896,72c9914175a2e7ec7c51b690d2c53acc.jpg,1.0
1898,72e63f96325f47786d7b1c4167b6c0df.jpg,1.0
1900,72ffa5bb78101b33e3a1feb69c6fb9a9.jpg,1.0
1906,738e5f83e193c358d8b4b3e5199bd73c.jpg,1.0
1918,744befd04a643cabe63fb9119d7c1e63.jpg,1.0
1923,74a20e5af8684b22670d61ece697b1e0.jpg,1.0
1926,74b95938cee8aa67ca79f689a35d0604.jpg,1.0
1935,7549a1e1781804f3737b2ba88ebdf978.jpg,1.0
1936,755ee7ea64efad0fd5e07a7c494af713.jpg,1.0
1942,75b23e87014d0909a377bd8d82103bc9.jpg,1.0
1943,75b2b012bd218ca9c25fee5eaf7a5454.jpg,1.0
1964,76f255f2dd298f329aa3ef39a5dd12cc.jpg,1.0
1973,774dc1f53879070584c23ebac2356f49.jpg,1.0
1980,77aa98093ecab7435aa2955068240ec9.jpg,1.0
1986,77ebad3542b3b3525b34d035352bc892.jpg,1.0
1987,77ed4dde2a032aee1114835bd9864287.jpg,1.0
1989,780afbb96010f0ba1ffded9db7be2c59.jpg,1.0
1994,7858832c6b3499f07adad3fc09608f0b.jpg,1.0
2009,795d7744e187f72d5ffa5c1b4e5b6e11.jpg,1.0
2012,79896addbc168f09f64bd2319ddce9e5.jpg,1.0
2018,79e8f4e410d3b6d85617de4dd101d574.jpg,1.0
2025,7a5c0b17f5e18a94057e4f7a83ebf33f.jpg,1.0
2037,7b2e929080cda64f6c5d09c5ebb872e8.jpg,1.0
2045,7bad8c3c80d90586d66bad40416d7352.jpg,1.0
2047,7bd83bbf697bb7052c771079c71f394b.jpg,1.0
2049,7c12b34fb3e5a641261ae230f257cd1f.jpg,1.0
2050,7c1481b26bff0f10e093d2fd1dc7c93c.jpg,1.0
2054,7c75c9e348d880d4aa624ecdccc89207.jpg,1.0
2055,7c78671973190ab696518b34fa43f836.jpg,1.0
2083,7e61effe3536d21b1c68470d2d850462.jpg,1.0
2096,7f02c8e0d6a85e5cf82d3fe8433b1739.jpg,1.0
2099,7f16d1fb535663c145b52f35b19f37d0.jpg,1.0
2105,7fa75c74d5d498e07e68b411e82906db.jpg,1.0
2116,804e39706cbc9a201b283f68e17c87eb.jpg,1.0
2117,804f6b914f6e58464d5f52ab92f57014.jpg,1.0
2120,808c7c5f4e6520a6bd933a308c468e87.jpg,1.0
2134,81011abde91ffa6a818b53d08fd3b2f5.jpg,1.0
2152,82252284960356a309caabd75274d287.jpg,1.0
2155,823e8406d826e788aeff5985982bfa8f.jpg,1.0
2156,825a04ab75bf2552bb189b6b5bf0b98c.jpg,1.0
2162,829f0b619e2966052f000cc69b931fdb.jpg,1.0
2170,832adaecd7d2b82aff3ff3928d451003.jpg,1.0
2173,835aa5bdd472be4b18c045672de500dc.jpg,1.0
2175,8376c9ef2a6d8de6861c623df0f5febe.jpg,1.0
2176,83880f78e68fccc22f6710946c46f3b3.jpg,1.0
2188,84828730bd2631690061b96b3518f375.jpg,1.0
2189,8484831ce92888b546bf1e0608f64cad.jpg,1.0
2196,850a7ecb8601e6f68ad7bb12f7ea1a15.jpg,1.0
2198,852545b7e2593ca15933be503a47aa4c.jpg,1.0
2203,8568542aa4f461523d227defba0f6ad8.jpg,1.0
2207,858cabbd01192ae310a384336dc654f2.jpg,1.0
2208,8595e196cc57dcbd2254d643caa7161f.jpg,1.0
2210,85ad931a3a0569c59a67880d3339690d.jpg,1.0
2215,8647bda9fd22b7433c6af1310c8b0d10.jpg,1.0
2218,868ce8b9f83760e1c2eb70723d854657.jpg,1.0
2220,86b5e13e229f77716b5bba1254f504dd.jpg,1.0
2232,872f72512b3f49088e065cc12594dfec.jpg,1.0
2237,87c24d250e99497ff64f19fa5daffe43.jpg,1.0
2242,882014635dd6afb518a6e02a6acc6b44.jpg,1.0
2245,882d92a8eed8f5ce328e919a4a1df9d1.jpg,1.0
2247,8840854c94485100c15983f79f4c60e1.jpg,1.0
2248,885f42db7d98d69ff1ae1e7c67073269.jpg,1.0
2253,88b6389aab3427841e15e11a69cf4ae4.jpg,1.0
2264,895e7f5c6a9c871d2cffe8f3fc8c7f62.jpg,1.0
2270,89cd5cd6b613191c3c7f5f9b07f33f74.jpg,1.0
2271,89d6e9bfce1bad23161c47db2a81f0fc.jpg,1.0
2272,89f279e4157793c84b4ca0549844b65e.jpg,1.0
2295,8b1b2240be10c08fa24b2fc1a198318b.jpg,1.0
2307,8c1f7302f775bc535ad4d63ec06e93b6.jpg,1.0
2316,8c7e4d8ec0c1e8cacdac429097e082bc.jpg,1.0
2322,8ce1b0835f2e5d62cb2e2af45bbc40f6.jpg,1.0
2325,8d221f3c84377bbae8694ca33f9fb409.jpg,1.0
2330,8d3b9f356af5ee390faab2f2dfe13141.jpg,1.0
2332,8d66f425167b5c68d77102dc1f1736e0.jpg,1.0
2336,8dc0de9bf85576bfcd5537577f6d923e.jpg,1.0
2344,8e919f5b58e83d66cb7363cdacede644.jpg,1.0
2350,8eb55197fbbaade7260c1da29836f210.jpg,1.0
2352,8ec019d6cc4c8619d4b414d86383054a.jpg,1.0
2360,8f4c160d067c7ebc0f67b68b0561aedd.jpg,1.0
2367,8fb76fcb3bc4528d5fcd72fe3b0ce772.jpg,1.0
2377,9012ab0f847f680d0127496f58d7bf60.jpg,1.0
2380,90552f403faa9348ea86c2dec1d61fad.jpg,1.0
2395,911adf3ebee6e9a34849ea965052b57d.jpg,1.0
2398,914c3e654dd23c237fbed88dca82ac2f.jpg,1.0
2399,9155e920627ec496627fc1ed2a47b3b6.jpg,1.0
2403,91ab62f86ff99d7a473dd43a0944c3ff.jpg,1.0
2405,91e84d91b69de9912151e5b8a35a7346.jpg,1.0
2406,91ec770efc500187a229e758ea3785ec.jpg,1.0
2441,93ada240fdd73e4761f0c503c1601236.jpg,1.0
2445,9409581848fd5ebd4310e1cbb8643984.jpg,1.0
2446,943451e2e2caf2d6dc76c2fe081e7882.jpg,1.0
2482,96cf55c3966efec31d3acbb1dff9aa46.jpg,1.0
2489,9730b5641c85924bced1c75e46c0e815.jpg,1.0
2498,9768fecacb7157716ce85d8d94150f87.jpg,1.0
2499,9789f91f86796de09ba42782962a20c8.jpg,1.0
2501,9795c684a49c197c2b48ce338ee77cd0.jpg,1.0
2503,97b806b36e96511361f147104c29750a.jpg,1.0
2510,980c0140c7f0f02a3677195376fbbb23.jpg,1.0
2511,9849df593ab52117ecba2b9edd02529b.jpg,1.0
2512,98542f46122af6348096cadf167f260e.jpg,1.0
2515,98993400f70a23bbcbeb562b808524d1.jpg,1.0
2525,994cfd92c74f9fe3c2bb38872a8b70df.jpg,1.0
2528,9961f75fab720a00dc1697fa28b6e79f.jpg,1.0
2531,997ca33f6c6bcee53fa2e6e309c3edef.jpg,1.0
2532,99b9449a4814f0425e5b765cdab783dc.jpg,1.0
2533,99bb80f552124581502079170a660bbc.jpg,1.0
2554,9ab94ea7a48503ecd6e34e8a8d5b4585.jpg,1.0
2559,9aea4f386a24482c618c62ecd0efb359.jpg,1.0
2564,9b21803d1fb8e8e7ed2d6330d1b052fc.jpg,1.0
2569,9b519c769a52893cec992bd6871d18e5.jpg,1.0
2570,9b76cdc8d1062a9a0af5276fc773f6cc.jpg,1.0
2579,9be17873bce6d164b733fb0f07a09051.jpg,1.0
2583,9c1205440dd63e42160d910504b6e92c.jpg,1.0
2591,9cb802a03bf9b7f23974bb2aff4f8f11.jpg,1.0
2593,9cd0a89df6b5950c369fe6e8da7a63cd.jpg,1.0
2594,9cd66c4ec12d1e7509fef499ec91ea61.jpg,1.0
2596,9cf390b268e719d3f254fc4acf4b9913.jpg,1.0
2604,9d73725b0263c821a06d3fe30fc7e4dd.jpg,1.0
2629,9ec55f075cc2b5797d654f8df0f14cfd.jpg,1.0
2644,9fb1087b562aac46d26f925e5653dbf9.jpg,1.0
2652,a07293348a773add83872cf154524906.jpg,1.0
2654,a0b7b7172f39d41ad0606dd67819f64b.jpg,1.0
2655,a0ba3880161903eaed27403de72f56da.jpg,1.0
2657,a0efa80f04de5eba86e87e88c5a11360.jpg,1.0
2658,a1226421258c5deae58e5991e27ac702.jpg,1.0
2668,a1d402d35b2802c83bc55258f79d2dfd.jpg,1.0
2673,a1fdecda4dfcdeca7bb3610f1f3bcc8e.jpg,1.0
2681,a263998e48b0bfe98227a581de0903bc.jpg,1.0
2685,a29932bb9ff2e30edeefa809f15dbf4b.jpg,1.0
2692,a30b5a1d6261b3d7361f9e903fc01aae.jpg,1.0
2695,a336ea5c1f85b484ea5c64f680a336d8.jpg,1.0
2696,a35acf3ad881dddd7b64bd588b265f92.jpg,1.0
2699,a3c676f25bafe6c2424164af7981f84e.jpg,1.0
2705,a40244f6297f3834ce543bd8c83c99a9.jpg,1.0
2707,a4206f9a86e3492c0c4aaf0a3488a4c6.jpg,1.0
2711,a447a6d64d1cfe4b824549c12722af60.jpg,1.0
2713,a46359d5c6367f309898aa3de247fd5b.jpg,1.0
2717,a49b6d2d2e110c3c2647db1002973a6b.jpg,1.0
2718,a4af1c7eb9fbe9a50bae581038deaf92.jpg,1.0
2745,a671dd25b5f3b508058518aa70036747.jpg,1.0
2757,a6ba2dcf7c00f207bf2fb08ccb5ca9a0.jpg,1.0
2763,a73391e74b5d6869e1ca7bf1ee005e7d.jpg,1.0
2770,a7aae774177eb0254d257d3be7ac14d0.jpg,1.0
2772,a7c0688835f9cbcc155c5445c1482ca6.jpg,1.0
2784,a82025e0241c364f97d7f2c9f483d013.jpg,1.0
2788,a8437bc61c4f9cd7128d3c04f090f1c2.jpg,1.0
2790,a84f6bec0590b8043328c164d28bdf3a.jpg,1.0
2794,a85fafa0b4b3fd52c4ca366e50a50b74.jpg,1.0
2815,a930a2b7462fd00b05acac14aca376cd.jpg,1.0
2817,a94b25b72ab446a49e4b17e44ada40cd.jpg,1.0
2818,a95e78e919780d600d3d938cba2661bb.jpg,1.0
2824,a9cd03547ecebaaabcb1d36a7846918a.jpg,1.0
2828,aa46705dd1dcb29db1a2096d57ff2932.jpg,1.0
2829,aa49b161e10d027024d3ebc51a1aee1f.jpg,1.0
2851,abda0cd7b0841b52753c8358be0a2769.jpg,1.0
2855,ac32d4f07dc9d5b6cd1df4b678349a97.jpg,1.0
2856,ac5165c5764523714aec9863b2ca51c0.jpg,1.0
2860,ac962a550a70e26a78eaf3e8c2f484b0.jpg,1.0
2861,aca2cce15be12589164f8581f0e57969.jpg,1.0
2867,acf05fd1f015a0f1a58ac271dbc4ba37.jpg,1.0
2868,ad0a3bc3c7e5e1d43609d77ac8d505d5.jpg,1.0
2881,adead4f87a65e35dba8db0d1945220b4.jpg,1.0
2883,adf833fe1a7f08608065a18154b6d2d3.jpg,1.0
2888,ae1efe9904a5b73890f2a2ef0a73e44b.jpg,1.0
2891,ae3823a0d2b7f6bea0723319dc873d4a.jpg,1.0
2895,ae4edbaa8c97c1e982762b954eee70ff.jpg,1.0
2896,ae5eb3682ed078825b739e5c958c284c.jpg,1.0
2900,aeb4a40bda3c135f494f64dee1bc34c9.jpg,1.0
2911,af3de93b70c353385a3116f46d6db8d6.jpg,1.0
2912,af43b88792ad87fcf5b66e0a6f46da3b.jpg,1.0
2913,af4bc2a8f7b5ba3d7f388643de35e830.jpg,1.0
2917,af7add98673412d4c865ac3502e757ab.jpg,1.0
2932,b027303ed17e259fefebd30245a4b2ac.jpg,1.0
2957,b1264ad0808345d2ab80ff8bc996f59e.jpg,1.0
2962,b17c754a8fe373db463418d99282ddc1.jpg,1.0
2964,b18e2c37c2a6b715205611b0ba100a26.jpg,1.0
2972,b2214c03af09b48e71c8d380e4acab86.jpg,1.0
2976,b2818bb96f43ae110b8ac1d53b75b022.jpg,1.0
2979,b29376f799fc2c87d5b0fee1a85ae529.jpg,1.0
2989,b339725f58825e4ac7806f0cee2f6932.jpg,1.0
2996,b3cdf7e6758b947da51ece7a7d81b6fb.jpg,1.0
2999,b3e858ccc0e990bc43b9fb5f4c30b2a9.jpg,1.0
3000,b3ea7e0bfe6b7a5f3df2282e762d05d5.jpg,1.0
3001,b3ec0ea7ada9ee99d963c4f7440b0f3d.jpg,1.0
3004,b40bdc8c6282f7bb6b126c561cb296ae.jpg,1.0
3007,b42226a52717f0eded51f4d1a67eaa9a.jpg,1.0
3024,b59eeb2dc71a7f69cb83a4b0992c2799.jpg,1.0
3027,b5c055c0718fd5d6cb08af126237c5fb.jpg,1.0
3033,b60be89c6bf780e0c14b08a5e0ab8e15.jpg,1.0
3038,b6530a3f63ecdd1a645edd0c8c8af4ab.jpg,1.0
3045,b6a8638af7edf399f4864028d95eda6a.jpg,1.0
3064,b7b23bb4b9f94e5cbbebf12910d636bc.jpg,1.0
3068,b7c9ea2fae8470bafe7ca83c33e27778.jpg,1.0
3082,b82c406602efeffa586e8285b34f232d.jpg,1.0
3088,b8cf9f94186613009eff2448d0658802.jpg,1.0
3094,b93d8b25f06562f63c66cf300831d2dd.jpg,1.0
3101,b9ad22c50ff818cf8f13f0a727e429ea.jpg,1.0
3105,b9d2868d1ade2b21b6e2c988c0cae0a6.jpg,1.0
3110,ba0b7bc44d0520142387f4c76ade704c.jpg,1.0
3119,ba62ff274c1adb19b4a50aa26698a6c0.jpg,1.0
3120,ba7c92aafb4cfed1c8111f2b48dfc6fa.jpg,1.0
3126,babced12cb0b2cc85caca590190aa693.jpg,1.0
3131,bb5fb6b79b6d8f485f09cc7575b43f2d.jpg,1.0
3136,bbf5fdf47dfa156dece3f5307ec4383e.jpg,1.0
3144,bc799322f8a908edcc6158c6a3f17f38.jpg,1.0
3149,bd329c3061d26a9f0f2556f3918f4281.jpg,1.0
3157,bdb8167854223c3a3822eee87079cdf8.jpg,1.0
3161,bdef4833ebb38dd92406af129cc754d0.jpg,1.0
3170,be69b223d98216e0a6b5af54e73a647e.jpg,1.0
3176,be8a4334e89cc9bed16e52a211f722c7.jpg,1.0
3192,bf8ccf974bd41b9e25dc5e856692ce10.jpg,1.0
3197,bfbbb39761cbc312eb057e6525704b5e.jpg,1.0
3200,bfd54a488405aecd8ea0e91904669bfb.jpg,1.0
3206,c0057bf6c7e02b52fecee4c7e875d7ea.jpg,1.0
3219,c0a189ee609885355aff48c29a1f8fb2.jpg,1.0
3222,c0c2a085e022665e40141ba5a61afecb.jpg,1.0
3228,c10534b956efc4891c18beba6dca69eb.jpg,1.0
3234,c1497b29be72d6255ff52f0c6f1e139b.jpg,1.0
3242,c1c0189c1c9caaafe9662c19b5649725.jpg,1.0
3258,c2955e304cdffc9b933cb5a00956ba9a.jpg,1.0
3262,c2cc198cc81e1b518feb4e7395bfaaec.jpg,1.0
3290,c417b6272285ed3c6d9036427599b2d8.jpg,1.0
3302,c4f88e61b0f5ebae1dd320eb6e5096c0.jpg,1.0
3322,c65b9005a469422b5f8588059b4fa198.jpg,1.0
3326,c6ca4eb99af603e293242beb623cbf8a.jpg,1.0
3330,c730ca389491d6155ca070892b831fc9.jpg,1.0
3346,c7e0c1b1450c45f84ee12c21eb56bef5.jpg,1.0
3347,c7f02faaa7336dee9287b93dc35d39e9.jpg,1.0
3358,c8a364b598a6e66beb537ff5784828e9.jpg,1.0
3367,c97294c60fffe3faa59a645d428bec5a.jpg,1.0
3369,c9840fdaf37f71c37ef87e4162aff51f.jpg,1.0
3376,ca17c404682a505f308bd348c00d4857.jpg,1.0
3380,ca71d2d8fc352d13ac8c5bc4df99a36c.jpg,1.0
3392,cb664e037a7e25d7d4c147124f360d80.jpg,1.0
3393,cb6aad7d82c1a4eb44bcd26ef336ca29.jpg,1.0
3404,cc0d5ff5399d9e547a2d56378f980ba3.jpg,1.0
3409,cc4409028a01babe21b33fa685689b7b.jpg,1.0
3430,cd6421e01c1d2d69e3d73872c1a667fe.jpg,1.0
3434,cda05eb92ed9515b9a46186cb0c2825b.jpg,1.0
3444,cdfa8369b9b43c9f395edd71b3d02726.jpg,1.0
3447,ce5524866820f397edbef98d585bcc54.jpg,1.0
3450,ce79488542cacbaae414d122c388ef97.jpg,1.0
3453,cebf2e47bd9c66f880c04288a25e0732.jpg,1.0
3458,ceef4c5008dacb064ec4d4d0f8e66e0d.jpg,1.0
3460,cf0af6515be33539015b6ea31b9678eb.jpg,1.0
3466,cf48bc08fdbff61aa50bbd6f5edda342.jpg,1.0
3471,cf789c1dc416b305559a2c31596c8362.jpg,1.0
3475,cfa3d789c56f3daa8909edc589402e0a.jpg,1.0
3479,cfd639de8e2fa2c6fb1df293ab70dff7.jpg,1.0
3493,d07b9a5a36215e9974eab411d1c73b8a.jpg,1.0
3497,d0abed61063c6976ba048936978551df.jpg,1.0
3501,d0d50c9c629a1cb5cddbce4da0987421.jpg,1.0
3511,d15f79d2a4f26f7483635f82dc945f74.jpg,1.0
3517,d1bc5c77b511a27a2a8a9f168cf8c544.jpg,1.0
3520,d20e2d37650810b58d5bb90d2da1a15f.jpg,1.0
3522,d22a9721db2396ee895ce421759c9ca3.jpg,1.0
3530,d288a987f3a0a953e66f593ee41dd9fa.jpg,1.0
3537,d2e192949f223e3e2902593f078646e3.jpg,1.0
3547,d38afde41146f241014075ad45f66642.jpg,1.0
3552,d3de0da356015644a5c2430aee6defcf.jpg,1.0
3565,d494a7de003be95b57fbacb21c4a448b.jpg,1.0
3571,d4f1b69312d1a50f62e7dc4c95e0ff56.jpg,1.0
3573,d4f745d2cb534d765fb4a0b0da4f1d5f.jpg,1.0
3576,d52698868122b87a199cf8e70c3ae225.jpg,1.0
3585,d5a6c285ff71db458efff3f7b495c4bd.jpg,1.0
3597,d64cabb538753f70a807edd6e9d9bed9.jpg,1.0
3599,d654ba9603165ea88fc6d693e87cd427.jpg,1.0
3618,d74e4f1c07c362efafa3af40fbfe290e.jpg,1.0
3621,d75d3a9c5e7eba8587f5bbc1dad1d4dc.jpg,1.0
3627,d78ccec619337a33b71996ec6920035b.jpg,1.0
3633,d7c2770dbb853b624934bcb66825c650.jpg,1.0
3634,d7c6b5e5f37d905b6788f812417d5651.jpg,1.0
3635,d7d17963734803f42d9563f1d3314e96.jpg,1.0
3648,d87ef2f45859e0b4994e093abe70c295.jpg,1.0
3650,d88d3df10c273a56f644eba0e151eca1.jpg,1.0
3660,d963399cea5f1b708e7ad141d029950c.jpg,1.0
3669,da027e7270f44db171d910e89c4aae57.jpg,1.0
3676,da692d4bd522d662f1411eb973d65016.jpg,1.0
3679,da7a88771feb951682cd7370bade9f95.jpg,1.0
3680,da81bf79b29d8e5285ac0b0c3c86967b.jpg,1.0
3681,da846593620c763d6db5dfe49f2191c2.jpg,1.0
3683,daaf3f1c5b62836a06b0ba709aa93e5f.jpg,1.0
3687,dae325cc3a7e213187c15d354a90fca1.jpg,1.0
3695,db2b2f6b86ecc9d0ad64d7466e6d1d58.jpg,1.0
3698,db53639d0c8b605c393d118c2f07c933.jpg,1.0
3701,db9564c1abfa9ae4c46e41290169a71a.jpg,1.0
3704,dbd3cb116aed5ca86162b548bb74a1cd.jpg,1.0
3708,dc2f4947de8b8f0d48522b8fc3149a2a.jpg,1.0
3715,dc82857dd282faf26b6e52ea8fef462b.jpg,1.0
3717,dca8d00957baae8ce669cda372c14d8f.jpg,1.0
3728,dd0b94cf79a824dbd332f14185aac6ce.jpg,1.0
3731,dd367bbafdb42e7ef6d77aa352ca4f2d.jpg,1.0
3732,dd512bac6c2a3111cc484a7571a17cdc.jpg,1.0
3753,ddefe94df5ebf096fea4d499f2fa096f.jpg,1.0
3754,de1603d0a56ad492048cc7e53f99f00e.jpg,1.0
3755,de172b666e17c3aea940b0d014e18392.jpg,1.0
3772,def21bef0a3d650ba4e34aaabfbb288a.jpg,1.0
3774,df0e376e0891ebae7a4f056a4847e2a4.jpg,1.0
3775,df1b386ce31a758684b86c30c6fff45a.jpg,1.0
3776,df1d54eb7bc383733f7e8b8ddc151177.jpg,1.0
3783,df9c590ace5984a118f6da634c75dfce.jpg,1.0
3802,e145a474f07950462eef0c7438dfcd90.jpg,1.0
3803,e145d70040e17a15a0b5e8aa0afd2610.jpg,1.0
3812,e20359c575e8186c82d8b0c4e691f6d6.jpg,1.0
3817,e29069e7decb77eae1ea7c8a1b67fc24.jpg,1.0
3821,e2d00ed3d13d188737e9cd3d99c35872.jpg,1.0
3822,e2d9caa3380845b8a41886a32f20694a.jpg,1.0
3825,e307319eeff5861525ae65049484723c.jpg,1.0
3847,e4599762bdb3ed322f27949e6572e3de.jpg,1.0
3861,e55751f3d5b84895e98136ec5fb05604.jpg,1.0
3871,e5e3c1d50f7376e29426cdd70f677dc9.jpg,1.0
3881,e6730dfec3d9b04454eeffa007db171a.jpg,1.0
3882,e67f3b191676346e5de3a3bd61f91a9a.jpg,1.0
3883,e684942d3889b9a35a1bf1d6288fe18f.jpg,1.0
3887,e6c79b6f3fc0c9d60136badf02680e5a.jpg,1.0
3889,e6d2ead7ea94ea1412b32d808060ff04.jpg,1.0
3900,e7646a5a134818bd14761b85a789f64e.jpg,1.0
3908,e7b2ededf7437c5c1a253d2a2c244c80.jpg,1.0
3909,e7c612e8a8b081cba9cc10989cac25da.jpg,1.0
3913,e7edd036cc2344722d3bd2963ef4db12.jpg,1.0
3918,e81b4f6d7d01a51d6a766cad9da96a2c.jpg,1.0
3922,e84178e76e5cfc8f73de73b0afe4c857.jpg,1.0
3935,e962a6a600935566407826910ee59e8f.jpg,1.0
3951,ea150df8d73e23d70c371bf8661ecbba.jpg,1.0
3953,ea3eac188c3efb2e1e4d43a5f705f6df.jpg,1.0
3955,ea5ef9741e6fd62f7da6aa558270a981.jpg,1.0
3957,ea7ae8cdaa15915e35e8bde117230d17.jpg,1.0
3960,eaaf011fa8bea5362b18f14f7dd31e86.jpg,1.0
3974,eb3c9f4c5fcff59af47289ca6faa17e2.jpg,1.0
3982,ebcc4a10cbce7053dcd86796d4880601.jpg,1.0
3986,ec03c9355e4c67b7291d28cae80d8ea7.jpg,1.0
3994,ecc0e03562daf9450cd76a7df7369e37.jpg,1.0
3997,ecdfad0c4a77a2b841cf8ca898115a20.jpg,1.0
3998,ece30cbfbb3b4d12349c668b8be50c04.jpg,1.0
4002,ecf4e9377464ddb97ad7008fb2994b9d.jpg,1.0
4004,ecfe63aa9ed29043a8ecbf31b4bd12af.jpg,1.0
4031,eeb1da205b1f393dad87636bdc64e36c.jpg,1.0
4049,eff4f66b95219ec85312f420314ae83f.jpg,1.0
4056,f0590d5cc48fbd3cda1c40171c33a50b.jpg,1.0
4057,f064d961d9003bc4e53f9c21cca878cc.jpg,1.0
4065,f0dc7b3158493ef1fbd9794be5e504c5.jpg,1.0
4076,f1995321d211f010ca6cf3b3ad8e93ad.jpg,1.0
4095,f270d578917d5817f23a30adba9beb1e.jpg,1.0
4096,f27fc456372180d1faae446c115cd8db.jpg,1.0
4109,f36ef526da26be977641182edc1c6daa.jpg,1.0
4124,f4220748d15800623b0579a03aaa62d1.jpg,1.0
4132,f442a05ce1f96d66e2dd937b85d09a82.jpg,1.0
4135,f45d24f055cca08595330ae1853961da.jpg,1.0
4141,f4c53ebd01babafa41a55d16d7d73a4c.jpg,1.0
4145,f4f7011b7140c9a25d92427f79bb9b88.jpg,1.0
4146,f50ca75f0a5d2941280d7612dbbb2bc1.jpg,1.0
4153,f55413f90514de27057de1ae66b59dcb.jpg,1.0
4155,f5843aa5aa607b22b3fe3fd3957226e7.jpg,1.0
4162,f60f0d32894c44698a1d0cf33468453f.jpg,1.0
4164,f62e321c96eede0013917aef5e37e890.jpg,1.0
4170,f67cf12c85c90df5e753012f0c282c94.jpg,1.0
4174,f6b338591d0e6995070d34d824b9f7dc.jpg,1.0
4175,f6c087835f76100daa1e8d0126b393fb.jpg,1.0
4180,f6f11b932fa9626b27fc003b4eaa5aff.jpg,1.0
4187,f7411ba8e5ffdd9d8b7f77fec56e414d.jpg,1.0
4212,f982ed6d384eaa07c8a3b0c36c113aad.jpg,1.0
4218,f9e1a29492dfb847ba4cd90ff2db4341.jpg,1.0
4228,fac1222190111b24cc8fcfdb55bdfdb0.jpg,1.0
4230,fad6c23e0a7de83c8be9e29016580e8e.jpg,1.0
4239,fb4700975bccb15492749eb5fd2e1b21.jpg,1.0
4241,fb6442044a44255721cf2e6651e76d8b.jpg,1.0
4242,fb6a33c7564febd00b16aae0db78560d.jpg,1.0
4244,fb847bf1c6867df3a0416166a6702333.jpg,1.0
4245,fb8b49490a9d26e72499c3e55739ce7c.jpg,1.0
4252,fc243545f4420ea071b957485e89f939.jpg,1.0
4255,fc5d9df520db2fe22649342f5b8f923d.jpg,1.0
4265,fca7cf87f3bd3fda89c59c2607714e81.jpg,1.0
4290,fdcf29bd04b5fc6fb44b83eae86ea07e.jpg,1.0
4299,fe7a835e7d91bbdea038a8e4d1a816fa.jpg,1.0
4301,fe82a81de6d854b050b22247a4bf3a4d.jpg,1.0
4314,ff886ba7b92ac19d457935f4e8b39a3e.jpg,1.0
