Unnamed: 0,img_name,times_aug_contrast
3,003418d64812702a483b2605f2d6b334.jpg,3
7,00cc8ab42292bc2826c41f8aaad87790.jpg,1
11,011943d949421e2e8296862bdf74ca7c.jpg,1
12,012312df956170a41d4ea1f7dcb94ff8.jpg,1
14,013be5b57f1107acda2bd04c06cabca2.jpg,3
16,01a98378b3fa9aa60538b722e5acf1c4.jpg,1
28,027408a0ea496158896d278faeaaf140.jpg,3
33,0298269eb5cc01952529b50a48b498ae.jpg,1
45,034625b3e06376d24517abc923e79d31.jpg,1
65,0482b6b74dfc7b14156859ca9b8057e6.jpg,1
81,051896cc924a37769484fa427c1c3b6b.jpg,3
91,05a43cc0b0ec7b82377ef0f25e866423.jpg,1
95,05c5faa64b55ba4022ffad3c2cdaca34.jpg,1
102,0641fb67663e17f3162ec3d742862110.jpg,3
105,065082ab96050d35bbd673d3114f65f6.jpg,1
108,067496381bb92538994eb03883f2d556.jpg,3
109,067b156978733e843efdc0e235e0f322.jpg,1
114,06fc7493a0df67f88be28b5e81b4f07a.jpg,1
124,07882d411a1508767c92933172e990ac.jpg,1
128,07d44bef8bfb6d9543ea8919d128cdd4.jpg,1
139,0894f46cb8495a227660c8fc9ad3833e.jpg,3
143,08b0e3d81175d39e09319da4da6393e6.jpg,1
151,0936f7351579e916f0f5d085271af69a.jpg,1
155,095147d412ff5a520e46855e36dbd099.jpg,1
164,0a0e0c6fa16fe04faa5564fbd1a4fda8.jpg,1
167,0a33a7b7928d7fc811e01ed70fdf15c8.jpg,3
171,0a58d8f302e341a38354ec0c870e2fa6.jpg,3
172,0a592667e4bd765aa67c0766cbe104c7.jpg,3
185,0ad854342b420daa700c9e72983bc809.jpg,3
187,0aec6fffb81440adce70d19b05e6582a.jpg,3
193,0b425d84f19bd6a0787003389b703c33.jpg,1
197,0b6a0e66b3a4b8c6589c9d0b2512211e.jpg,1
204,0c420a8271a6ee9beaf9f80024c8b926.jpg,1
213,0c8dfa93f2f603c042034a178db89bd7.jpg,1
215,0ca5218821aa5cc037ddaa7ca7fd0dc0.jpg,1
216,0ca75dfdbe8800334a73345259523639.jpg,3
217,0cd05d1193fe2d10a7eb96d8b516ac18.jpg,1
223,0d19e154efca0d13eab00a4b3c7afb1e.jpg,1
228,0d4cf92e1cc0847178f0ad79e186456d.jpg,1
240,0de23e11d00d6ab0f631bc27ea6220cc.jpg,1
249,0e50aaa5af7ae1e1c1905059b6c746d7.jpg,1
251,0e80c0820d934daf90347ee06a64f9d4.jpg,3
252,0e869c12bba3f26e1f940ea1ca4942a8.jpg,1
253,0e96736221229669d2ecb36c4749c37a.jpg,1
257,0f3d880754021519798abb1099b1c1e2.jpg,1
259,0f60f2a1daa9d786b680953646b56f17.jpg,3
273,101a2107dc724bd627d9b3c139c006f0.jpg,3
278,1040860fbb10538ef5080f70c6d1ed3c.jpg,3
280,1041fb252bb02365e436cda949c82f55.jpg,1
283,106f3e43f38be03a5ab935999ec90b18.jpg,1
284,108377aaf59effb32fc49b51cddf2e84.jpg,1
286,10a13c6145fbe8b94a03c08a6024f377.jpg,1
288,10bf4d3755af6a68ba6ae1b6cde37933.jpg,3
290,10d77e8f30bb5173c81d5b966bc5c447.jpg,1
298,1152a9665144f904afa88e544a5d847e.jpg,1
306,11e4348e5ced9e3f1f864536ca42f4e8.jpg,1
313,12398fb1ffd1dff025bee8bd2d11d8fb.jpg,1
317,127439506896e75865589b8331fcd8bb.jpg,3
319,12769f1f37526e6995a8b8a001bb48c2.jpg,1
328,12e6ac87e29c1eb0eabd97d110fc2fb7.jpg,1
335,136edfd0916f70e6d2803bf6f59a3683.jpg,1
345,1413b40659f634ccb866518f13b7fdb1.jpg,1
347,1437611885f2530187c70951a2eb1d50.jpg,1
348,14382973f88fe4cc469bfaa7110a7d77.jpg,3
358,15088e6e717a7a2221cf70c27f0aac4d.jpg,1
362,1560965db6baef9b48d645acf866e2ef.jpg,1
368,15bbd1b04fbdaca01e622859c41aeac6.jpg,3
370,15cf0e1de545f51547d84458731b0d76.jpg,3
372,15d78eac6d12dbdc632cc2819f2821b0.jpg,3
387,16a2a06695155a9eaa415a1854b21a67.jpg,3
399,173476bd6b28d4d331aa90c88a37a3b1.jpg,3
403,175f5726b3cc04db8bb2217b20ffa055.jpg,1
404,176a0878a76489473bb05eafdfa6733c.jpg,3
406,1792dbb8c9769cdec2941eafb7af9d4b.jpg,1
412,17f15214f7f66de0d9ba901dc07e544c.jpg,1
413,17f4cbba30db67923df1544057b0af22.jpg,1
414,17f7a557fa0def0a00bfa7f125a7a671.jpg,1
426,18ad978cad4f2d2d810c17e8a3771cd5.jpg,1
431,19116950d5eac96fa967fec00e0c914f.jpg,1
433,194c8dc5fde7c495c246f8ab134b27aa.jpg,3
436,197b9e916b19320d72e67193c1736e91.jpg,1
439,198fbb687cb997de39d13b29d72ae9d5.jpg,1
443,19df9e6f99aead6c839927e4a4f0e5cf.jpg,3
448,1a3a0655e02b923b42ac62f40d99f5fc.jpg,1
449,1a59598fe7cf17aab5bdfaf629aeafaf.jpg,3
455,1a923c2139f451c5d9ab99f20e972135.jpg,3
458,1ac5d41c4f8a5e392d7a35f3020f43f8.jpg,3
460,1ad2afcda42da16f3aa9d6524eb4cf8d.jpg,1
481,1cbb82fd18adfc466b3fec99340bdfeb.jpg,1
485,1d272a773d3957b6c459f37c48da631d.jpg,1
488,1d69474b10a5e014eb5330e0d9be6bfb.jpg,1
491,1d990842772b53eb75c69ffd62a7ca51.jpg,1
494,1db6959f6b1b615d87222fa259e8c52b.jpg,1
499,1dff8e9af4162fda6b091cbd8aa13430.jpg,1
503,1e340082e6141887769ae4b931a61cca.jpg,1
507,1e8fa4df88fda4562ad70f5f67398043.jpg,1
512,1ee3e9f452a24d7c268aee3764005837.jpg,3
520,1f329f60920fee21a9b4f6ddb5ef531d.jpg,1
521,1f3da6f5c5ff47adae86615a86c447d9.jpg,3
523,1f648f14cc9c29e71b9e6b5ca94d9d00.jpg,3
524,1f78dfe909d529a2f25257fcebfca972.jpg,3
528,1fa3b580535da1d930e959514524d6f0.jpg,1
537,20552261fb90cdf0faf2a847884b7fda.jpg,1
552,21760c59fbd7e069a67655eecb971eb1.jpg,1
555,21963cb6dcbe8cc90d49954af4ea6022.jpg,1
556,21968b6d75f91cbf42d3263e3571aeca.jpg,1
561,22094e5b00c8480462a17ca4e62807d3.jpg,1
564,220cb791399427be965198da51249024.jpg,1
566,2232ecdea2647d0898d3c06983fe2dc5.jpg,1
567,2237ca78d77a893cf4ea2b8eb8feaec7.jpg,1
573,2299d225aaa9f43e5c18c1afb01895ae.jpg,1
584,232dfc19220e6a725921b582504e0cfd.jpg,3
587,2341c27909e808e9891ad8c80a73d5fe.jpg,1
597,23cbfe2b662ec9c9f93775a6cbe8efa1.jpg,1
605,2430fb95bbf176a16a32d9101e0951a1.jpg,1
608,248c902ec2606f6ee58cad3e16ddcff4.jpg,1
616,24dc7303aa076586b5695fd74c1804ce.jpg,3
617,24e853819c7a003ab41d62216aabcbc1.jpg,1
618,2534a5e6279d79749015e1f5bc91e5bc.jpg,1
621,2568e387128d240f2831db2c7070a269.jpg,1
625,259a5546e4dd29802b71b8b498dd6622.jpg,1
629,25aabfdc5b6e3f291bfa77c9120e2e28.jpg,1
631,25ad79d6eb589e80ad22301e34c25932.jpg,1
632,25c6627f648a1be7f9de10aaccda1f1e.jpg,1
633,25cd2e23ff5e066709858e449c8a54c9.jpg,3
660,2778dec925eb44ca85dfd01f4e5a6d81.jpg,1
661,2779f858dc7c2edf9dfa40ac28f45c4b.jpg,3
667,27d4c64179706c8c1e6b5247dcc3781f.jpg,1
669,27f7877f7edd259ca8580f1ddc3795ab.jpg,3
671,285829d7b9c1ebc4382977f549fd2007.jpg,1
678,2916cab418787b5424249942355282b7.jpg,1
680,293f7620c3e434c450824d0c70ab425c.jpg,3
694,2a3d9de95942ea8cd35b59b2057d21d2.jpg,3
700,2ad5f91ad7ae90a024b0e85deed04978.jpg,1
703,2af3b944f62baa1e8abe31528ec0c0ca.jpg,1
704,2b1e252beb13248a09e404dc414c8ce9.jpg,1
710,2b4f7c1fe388362d5c3fb2fba187c1ca.jpg,1
714,2b97b94b9888b5c8e287e7eeb3c4399a.jpg,3
719,2bea55b41a2911cfa0b83e2f8b42970c.jpg,1
724,2c3536d0db9b86db56436a5abbb482cd.jpg,1
728,2c4a002e30d3badb8f34c262bbc3161f.jpg,1
732,2ccdbdb79ffa49076417093fdfb128c0.jpg,1
751,2ddcefca3f7c19c1718979f27ddb3b64.jpg,1
755,2e0931982062b209ec027c9f2a13dff9.jpg,1
758,2e3dd953d8bc16ffc1cd67cd9648aa16.jpg,1
761,2e5ccefa01f4618e955d65f1322c2de1.jpg,1
770,2eebeb23ebf58bf5b609e1b0914471aa.jpg,1
772,2f0f0cedcaa9e92a51a12a8841207736.jpg,1
776,2f372f988df574a26b8d9290fea6761d.jpg,1
785,2ff0bddb62c7cfe9fd63fac7b9a9bed6.jpg,1
788,3007dbecf09cc0ebdbdbc2cea52f6930.jpg,1
804,3167c1bd00ff7dab43bfe38556700f75.jpg,3
814,31e18722a3aeff4df621145e827daa2f.jpg,1
815,31e5aa14c92f79c5ab8f12a8cbac61b5.jpg,1
818,31f9849f57b1e96506fbd308e7ff3efa.jpg,3
830,3297cd186a8f6df6494b41a5fb5f0009.jpg,3
838,330bb479f2f439830f1fe06f363d76e1.jpg,1
841,331ed663a1f11d2b570916d2f87448a6.jpg,1
851,33a5a99c13cf392477a85409c2f7ee4a.jpg,3
852,33b3b0ef98fcd3f6f47cc1340f3b14ed.jpg,1
855,33e28973dda9fc80d3f1b52a28cda593.jpg,3
858,3453a4d71e199e66cdf06c31eb9cd155.jpg,1
859,34541149803fe0892edf16d305f62c03.jpg,3
861,34675e976d486b4feb28bb4503c8ff8e.jpg,1
862,346f73bea470b9081620a3834ff028e6.jpg,3
866,34b64a655e12651fdf9ea2b3f5303312.jpg,1
870,34d1d1d0f96e4872d2a00785f2146c48.jpg,1
876,351637195c2703fca72c976e3bea3bf8.jpg,1
881,35c08dcd548002cd18c2cacd1dc0b7f5.jpg,3
884,35c8b64e23785355dd35f31d7abc79f3.jpg,1
889,3603a2156c17b56461c70398915e20f9.jpg,3
897,36b189330a114df18991b2b8c7b88339.jpg,1
899,36b5724e5358da3871f102efe00b1327.jpg,3
901,36bf746526a07f6a9ecfa9e821249483.jpg,3
907,3719fdecf20e19bef81fb4ba43e5937b.jpg,3
908,3732a27332bb111557ad7748e05b8082.jpg,3
920,381871677b4aea694711d3047edbfa4b.jpg,1
922,38211b211d6d7bf2765ca37f387fcb62.jpg,1
925,384cd6ec2b49bc9a77594f8cbfbd7254.jpg,3
929,38627382915cc75678ff03b28f23ea91.jpg,1
932,38a3fa6c14c806e769d3074d1aadb6cf.jpg,1
933,38ba9eaf0ca7c19dfee0ba289240b09b.jpg,1
940,3910284e795f8797f5dc9bdfff9863ac.jpg,1
954,39d8464eac0e977b471b13425b8d234c.jpg,3
962,3a45a778601dfe486a1efe6921883fed.jpg,3
966,3a96477b2a8e370544f793d8ae67b92e.jpg,1
967,3a97c6f5902dd4a2afb65ed844fc5c14.jpg,1
981,3bc2a463cb681666527ff8479748bd40.jpg,1
1002,3d56eaaca48eee3c52ca59bcaf3661f4.jpg,1
1005,3d66335209f6e8fef58788c426fc8f38.jpg,1
1009,3d7f081200e5718328085fbd04507888.jpg,1
1010,3d8eef3c07b4efea94e627857d2ff801.jpg,1
1016,3dd1e7c4660033a535f1d0dbcf9f890a.jpg,1
1017,3dd51e28dc9095b279a756025569e8be.jpg,1
1029,3e8ea2670983898ee438b35cf96d5bc0.jpg,3
1032,3ea784ac93b27b11033cad904de7ecb9.jpg,1
1034,3ec9f4bc00614ea78cf608d1d0b26a5f.jpg,1
1044,3f1b59f0257fb843e5dcb3957d53337c.jpg,3
1047,3fb1771a5e05937425990ad426366150.jpg,1
1048,3fb1f60fe050fec6c53c8b7abac5ea94.jpg,1
1049,3fb7753af63714d5e2799a781ff896af.jpg,1
1052,3ff1aa7a5d41096b8948fd08ea9d8e31.jpg,1
1054,3fff7aa04ffdc3cff5f5f70517afea85.jpg,1
1055,401c55161c1f12c3877dc9eedc3f64b8.jpg,1
1059,408c8672525d87eea5ade4b8bc773249.jpg,1
1062,40a468ed717a18169727576d93551377.jpg,1
1065,40c796ba6e6d4341053426ab23a514f9.jpg,1
1074,419f7958cf1d701934bdcf0e4a56ce69.jpg,1
1082,423c5ba8fdf6a316b20f8678e53f9aef.jpg,1
1089,42d64f1a5176f1dc18be8449179e7f58.jpg,3
1108,43b00f39f5359530b14c19c5812935b6.jpg,1
1118,441d952a8a24830ca6c95ca238a16bac.jpg,1
1130,44c8010e2d3df6fe4c40b9fc724f7350.jpg,3
1136,452c15e79a88dd8bb147f7072f6bd96f.jpg,1
1150,465a96239a7a36aa3feee99ab2f02507.jpg,1
1152,4660a4c56b53620f1a129b080c6fa530.jpg,1
1153,46851efa61a65507da1a510ab66bd00f.jpg,3
1158,46a84e4a4e9295c9237e75217fdfece1.jpg,3
1160,46d6cc230cecf36717c58945c0db183b.jpg,1
1161,46e4ce011de2ba8eb309038310e6fac6.jpg,1
1167,474f22759c192f65a52fc90b3fc05d2f.jpg,1
1169,475fd882722d13be6d9187582bb3ea0c.jpg,1
1174,479e2985f480beb0f48d65fa70e6a588.jpg,3
1190,4887581e25cf72898aff96b11acbfc80.jpg,1
1196,490d6de44e7f26533c33bb4026c4d9c0.jpg,1
1203,495b2fb9b39a1516cfd2e6fe6e659383.jpg,1
1204,49777d6081d63f22ea170f1d06e8b57e.jpg,1
1205,49b0e95978cb0e78a49bd08c011f98d9.jpg,1
1207,49c3934dd2ddb536fc5d519bd7283cd3.jpg,1
1220,4a977e05a0fb38faf398f7871543d401.jpg,3
1226,4b0771af668ab999616a8847eb53f656.jpg,3
1246,4c13d71240d1febd83658db4879ee5ee.jpg,1
1248,4c193585aa0d5c6f12fc1046f9122e8e.jpg,1
1258,4c6937965ef640f3dbd9c56234138b56.jpg,1
1262,4c7fe2bbc0c61381b5d7e4af69daa3bb.jpg,1
1265,4cdeb15401bce936a4fadb502edaf3fb.jpg,1
1268,4d091acbfa63466c4b65cd025085d102.jpg,1
1281,4de03d7a33a710a99fbb3dedd241338e.jpg,3
1287,4e37204092175728e7306b220678b1d1.jpg,3
1291,4e5939867bcf6feef216e660985d8553.jpg,1
1294,4e6d78518076903e5693ba2739a94c79.jpg,1
1297,4e8b39569997214b2360fdf9c5d3ff61.jpg,1
1299,4ed81566d438ae3c9bf468a0139c498a.jpg,3
1306,4f334322a933ac3e4f8d09b96c62a956.jpg,3
1311,4f82afcccaddd655b03a51f3984b4aeb.jpg,1
1313,4fa47f96b993ba427a55abd3b1addf93.jpg,1
1316,4fb8966b32078d408823ac5b39987f56.jpg,1
1319,4fceda8a8955b5a6eafe56458b0e8a11.jpg,1
1327,5056ed2a5e98a52d549ebd8025cd34bd.jpg,1
1328,508a49162cd854b8f6f8036a4500b59e.jpg,1
1341,51497951065b6362815f11b82f084905.jpg,3
1342,514fdd9d1252c7ed4d0f3223ab025426.jpg,1
1345,51724b7e3eba349c0b927c16920c0d04.jpg,1
1347,51d676f4d22d75e978e2065e4c0e87dd.jpg,1
1354,5248470ecfaa127e35dbff7115bbc72d.jpg,1
1360,52951c2cacebfd3d012dc36a6114ce5b.jpg,1
1361,52aa17dbb2be8d092897eaf145738257.jpg,1
1362,52c9014a468f84bce78d9450e208a283.jpg,1
1384,545d3a642f7bf7d708350013819fd890.jpg,3
1406,561234c9a65e10b146d4162c5834e641.jpg,1
1410,5622ebc249ccc67843b88dab5e469ece.jpg,3
1414,564facc74c02697edcd88fd5d9866e1f.jpg,1
1420,56a77f63545a149a476df38ec7a841f0.jpg,1
1421,56a887c4bd2fb3dc193eaa92d9c913ad.jpg,1
1425,56d99f8d709f5ced56b378b28a7f5568.jpg,1
1428,572558eecbabfe67e3a2a006a2164621.jpg,1
1429,572ec6e835d0db490448a079e227d9b1.jpg,3
1430,5730a5751624d1b1d1444969cc657954.jpg,1
1442,57cdf79d3521553bb2ab95f918fc7bf9.jpg,1
1448,581ec72fd81c9b3a6bdf72b6169d3445.jpg,1
1449,582162ca7c30e26fb32d9142d2b90b85.jpg,3
1462,591be8185e677fa1f69f216b818efee2.jpg,3
1465,593dc33fbb7f86d31c1e1cad88171058.jpg,1
1466,59661fe5b4c001f0d5d4d3d93a7801db.jpg,1
1469,5980b24711622da8bbf655e6944bf4e1.jpg,3
1488,5a5a8b59b92ee6270fc5ac61f5b7ebd6.jpg,3
1489,5a6c7fb1e96a7515d02926967e3faf33.jpg,3
1497,5acdc90b304436d300d4a85d55c392f9.jpg,1
1505,5b42753c145528b0ea558eef754ab13d.jpg,1
1507,5b619eeab20457629a698803497c28f8.jpg,1
1517,5c27d9a9a52ff0a2953060c94930154e.jpg,3
1520,5c564bce5a4f34af2d704ad6ad100e22.jpg,3
1526,5cc73b8497f398a2597f7df93e87e116.jpg,1
1527,5cd89faf5a4e1f037838c1e2e07486e4.jpg,1
1539,5d805e8ff06937f1f5bf8b2367c1343c.jpg,3
1543,5de7589c6037796e306d87d11f13af17.jpg,1
1544,5de94fb28d5ac88fd89d9d2bbd0c97d7.jpg,1
1551,5e6b0b56de936be04a78eb661c6be848.jpg,1
1555,5e8e656086e4140786ba8160e3e7852c.jpg,1
1562,5ee857e5d4d4dde952410eb910469668.jpg,1
1563,5eee3fca052699c059b5199ff0b84ec1.jpg,1
1570,5f79cde2d8a6908fc9828a9948577200.jpg,1
1571,5f97c79b3d00963481ba65e22a4ae32c.jpg,1
1572,5f97e1a4918aa0af6845500db7d48c4e.jpg,1
1575,5fb2d7db71b03c2470cf6b6df5cff0a4.jpg,3
1583,602397e5d2bd35d51e5a1638a632db6a.jpg,3
1586,605adc4fdfb347bfc6b7925c805733b0.jpg,3
1591,60a3a30a87fc2b0dcdf753d46ef0b8cf.jpg,1
1596,60d557cb499d3abbf9c2680a98fb72d3.jpg,1
1599,60f772e242e6d96e2d76c0de0137e232.jpg,1
1611,618d6334229a6004dc7cc5814afde599.jpg,3
1613,6199e41a234539841de5b366540cd145.jpg,1
1624,6284fee59ab0f17c8ada6a55a6d41f76.jpg,3
1627,62a8ed5a1302d3caaecfa42ddc1ecf0c.jpg,1
1638,62fe949e050eb189da87ecdff127e326.jpg,3
1641,631cbd0d5975829f9d968b73d82f30f2.jpg,1
1646,63845f67170bec26007ece00fbff724b.jpg,3
1651,6401dd9e74ac9681bbed414e1524cf53.jpg,1
1658,6451cf862f9d9c155cd5c855186f2f73.jpg,1
1665,64de10a509e5ab8b1d435e8ba0b15efb.jpg,1
1671,652f2fab02941d764c31dacce11afd18.jpg,1
1672,653b0d383ce8157bee4ba4cfe292fce7.jpg,1
1673,655ac5e1f5bfc3e4258feda43de4b7fd.jpg,3
1679,658509ed451504dc3f5a8b1c262d1f6f.jpg,1
1680,658b613289392add59d61cd62b45d0bb.jpg,1
1694,66bf026e06325baf49da7500ea8386e7.jpg,1
1695,66c93058b2c18bf9d3d91a0c8a5768d8.jpg,1
1699,67081dd8c5192bc43d35cc7c94e1b6ca.jpg,1
1700,670de40fe011c0b9cf5a5bb3594f16d6.jpg,1
1714,67c815b6715cbee72922b65ae9f4e835.jpg,1
1731,68ef75a7ccad06544b6198ce994ff8a3.jpg,1
1732,6903e09a69ea31ffa4a3ebeddea3bb40.jpg,1
1741,698cbb88aba782e44ada3d41260c5482.jpg,1
1744,69988c111cc2d74dc00914d3d6b6a9f0.jpg,1
1746,69cdb10acb6a5f92f33ee3fa052e3dbd.jpg,1
1753,6a0248701d29c778a211129c7ee8f4f0.jpg,3
1763,6ac1b013224ba4dc160f63104e70e637.jpg,1
1767,6ae65f4691c2ca65c2d780f00e946a7c.jpg,1
1770,6b071ff10dfe706616ac536f013af8da.jpg,1
1773,6b30da73bd6b86e5d718101bf75d08d6.jpg,1
1784,6bd5f84de0f33af0a4d5b990401915c6.jpg,3
1792,6c22b79687cda87af2b7b148182059ed.jpg,1
1799,6c9b39cb262980af2048604694c61123.jpg,1
1801,6ced6ab01fb7256fc95369980b038779.jpg,1
1802,6d0c5794d43a195ef09849e1d6352ab6.jpg,1
1804,6d39b0ef2b38afc1ef7484fbaeccc31b.jpg,1
1822,6e7ff26e79e6da3255458934bbcabb93.jpg,1
1824,6e95ec59eff0cd90b250fe3b11cb39bf.jpg,1
1830,6eef3ca1fb5c872df5caf76f30703717.jpg,1
1831,6f0832a24e4695531f0d3f15a8ac15bb.jpg,1
1839,6f5ac0d41b7797796c7f6790b682804f.jpg,1
1842,6f7623f777edda65039aa655e5a21d13.jpg,1
1856,700a7fdbbb560a7ea31a93e71a56da91.jpg,3
1867,708e59373449af2fa0f7fce5ba4b850a.jpg,1
1868,709076ef8bf4febd19a87eacf2c571f2.jpg,1
1871,70bc5fcb47e34e83cb5d37973ecfb2c4.jpg,3
1873,7106aa69c540f33105ec0a3e2d849386.jpg,3
1879,716ed96dbf0143c1807e9c249ca476ab.jpg,1
1885,71d1549a2722f4da8a7efab7efcbba3c.jpg,1
1889,7208b4add639049d249b4f448360cbf3.jpg,3
1894,729806abc4240fc8cabc00f2228d1bd2.jpg,1
1896,72c9914175a2e7ec7c51b690d2c53acc.jpg,1
1898,72e63f96325f47786d7b1c4167b6c0df.jpg,3
1908,73bc44b735334ade78f0552237725e79.jpg,1
1918,744befd04a643cabe63fb9119d7c1e63.jpg,1
1923,74a20e5af8684b22670d61ece697b1e0.jpg,1
1930,74da0e105d40bb0ebc871597e174ba7d.jpg,1
1931,74dfe56cdaa21e3113d1de59e5dfdae8.jpg,3
1946,75b75ea5bd9810e60f661f3571486a8d.jpg,1
1957,76b51ea3ae2ed632f8c743511fac61e2.jpg,1
1964,76f255f2dd298f329aa3ef39a5dd12cc.jpg,3
1983,77d80f7c6027bf2cc739570453a2cc7a.jpg,1
1986,77ebad3542b3b3525b34d035352bc892.jpg,1
1991,783a1bcda98979d02b8065aea92b4173.jpg,1
1992,7841c277c7da20242550cee43eeac8cc.jpg,1
2008,7951c71aa359961cbbc8895809bcbd50.jpg,1
2009,795d7744e187f72d5ffa5c1b4e5b6e11.jpg,1
2018,79e8f4e410d3b6d85617de4dd101d574.jpg,1
2036,7b2d9bf934d6cb42b22f20bb848145c4.jpg,1
2037,7b2e929080cda64f6c5d09c5ebb872e8.jpg,3
2045,7bad8c3c80d90586d66bad40416d7352.jpg,1
2049,7c12b34fb3e5a641261ae230f257cd1f.jpg,1
2050,7c1481b26bff0f10e093d2fd1dc7c93c.jpg,1
2051,7c36ab6a2413d1de73dcd2f5e9e06b94.jpg,1
2054,7c75c9e348d880d4aa624ecdccc89207.jpg,3
2056,7c7babfb8e7cdf80dac981bf88d02802.jpg,1
2065,7d3c7e7f8d577bd1998c40ae884923df.jpg,3
2075,7defd1f9b26fb795993bb39e91a6a4fa.jpg,3
2077,7e147463d4b83e156b4e88c4d5572d49.jpg,1
2082,7e53d98c3a4b367eda77597ad28fbe84.jpg,3
2083,7e61effe3536d21b1c68470d2d850462.jpg,1
2086,7ea4398cd4d8ab2554129fa8ea355c9f.jpg,1
2095,7ef37f64dc586fe7e8c6dbe27f1e416d.jpg,1
2097,7f031c7032e8f9001ca79c54bacf2f9b.jpg,1
2105,7fa75c74d5d498e07e68b411e82906db.jpg,1
2107,7fc5d59c3a2a57202447d75e5ee959ef.jpg,1
2109,7fe113e5792e06fa70a55c88293ec79a.jpg,1
2113,7ff795d07f5fca9a9f435d5abf695746.jpg,1
2119,808aadadf68e555943fc98330d86e6a7.jpg,1
2123,808ec1ca229b6136f6d77d61773f02e6.jpg,3
2124,80916e34093b78af11b7c07017fc1f5a.jpg,1
2130,80cb70a7af1164d6a4de74df2b13ef59.jpg,1
2134,81011abde91ffa6a818b53d08fd3b2f5.jpg,1
2137,8142c18271d1e2fbe92d091e69711df1.jpg,1
2139,818010c143ff3a84e40d4732b1a6493e.jpg,1
2147,81ccf427e39028608dbb8f5353543f42.jpg,1
2152,82252284960356a309caabd75274d287.jpg,1
2155,823e8406d826e788aeff5985982bfa8f.jpg,1
2162,829f0b619e2966052f000cc69b931fdb.jpg,1
2168,8306ec2fff73522ff2591bb18e74b090.jpg,1
2173,835aa5bdd472be4b18c045672de500dc.jpg,1
2175,8376c9ef2a6d8de6861c623df0f5febe.jpg,1
2188,84828730bd2631690061b96b3518f375.jpg,1
2189,8484831ce92888b546bf1e0608f64cad.jpg,3
2192,84ad87fd7e58b42b20581df05dc5f688.jpg,3
2204,856cc946e5c2550c73d1227b0d5f75df.jpg,1
2207,858cabbd01192ae310a384336dc654f2.jpg,3
2209,859d222258ea8e1e60487fe6f20d45a7.jpg,1
2215,8647bda9fd22b7433c6af1310c8b0d10.jpg,1
2217,8673f209252fc37fef7c9f8209e313b6.jpg,1
2218,868ce8b9f83760e1c2eb70723d854657.jpg,1
2224,86d0063bd809d862535afb9e68b25701.jpg,1
2225,86da07edf4cb0ab19ff70b635bacf04e.jpg,1
2227,87129c9f22a2cb32b0c28a6130c88339.jpg,1
2232,872f72512b3f49088e065cc12594dfec.jpg,3
2234,876d74a38a812c99cb504a268b2e4002.jpg,3
2237,87c24d250e99497ff64f19fa5daffe43.jpg,1
2239,87d2c0d5fb31de71f1f6feca2b4fa37f.jpg,1
2242,882014635dd6afb518a6e02a6acc6b44.jpg,1
2248,885f42db7d98d69ff1ae1e7c67073269.jpg,3
2253,88b6389aab3427841e15e11a69cf4ae4.jpg,1
2262,89317d1543831d47869de7daa35fb1dd.jpg,1
2264,895e7f5c6a9c871d2cffe8f3fc8c7f62.jpg,1
2268,89a871ec9defc0bea162e9ac8a532e76.jpg,1
2270,89cd5cd6b613191c3c7f5f9b07f33f74.jpg,1
2272,89f279e4157793c84b4ca0549844b65e.jpg,1
2276,8a3188822d5c63fef05a1b342189b6d4.jpg,3
2277,8a504a5e9272abce37fb3207a1fcd891.jpg,1
2287,8ac426aad026ee3d80d125b341694e13.jpg,1
2303,8bd16f4d77ff62fb5c8b30fd3559b85b.jpg,1
2306,8c0358aadd5c2868e1782f894402deb4.jpg,3
2310,8c380d20a49cc95e9d82b03e787152ad.jpg,1
2322,8ce1b0835f2e5d62cb2e2af45bbc40f6.jpg,1
2325,8d221f3c84377bbae8694ca33f9fb409.jpg,1
2328,8d306ebdb6fb01fd039a9e54c66ec5e8.jpg,1
2330,8d3b9f356af5ee390faab2f2dfe13141.jpg,3
2331,8d4eff9f8ddbfb160d8cecba240530bf.jpg,3
2332,8d66f425167b5c68d77102dc1f1736e0.jpg,1
2333,8d68fb69763d82cab20da6ed529dd48c.jpg,1
2336,8dc0de9bf85576bfcd5537577f6d923e.jpg,1
2338,8e1420cbbd45f8c5fd2f2418e630d000.jpg,1
2350,8eb55197fbbaade7260c1da29836f210.jpg,1
2352,8ec019d6cc4c8619d4b414d86383054a.jpg,1
2356,8f1e936dc90b03cf3d62a51dd418c6cc.jpg,1
2360,8f4c160d067c7ebc0f67b68b0561aedd.jpg,1
2368,8fba00b4a136ab2793af919617579b8b.jpg,1
2371,8fe97f13433fee5033f669c06d627506.jpg,1
2374,8ff6cf86804596607220247d87f8ac97.jpg,1
2375,8ffc55dfc5e021e8023e5c064874e6f6.jpg,1
2385,90929e0137e0a09dd0ba08e1899e1c14.jpg,1
2387,90b01d56735aada89922c327aeeafe91.jpg,1
2395,911adf3ebee6e9a34849ea965052b57d.jpg,1
2400,91839050a3526875acb24407b1a126fb.jpg,3
2403,91ab62f86ff99d7a473dd43a0944c3ff.jpg,1
2406,91ec770efc500187a229e758ea3785ec.jpg,1
2407,91fcc9c7e75962757243647c8f339f79.jpg,1
2416,92804630de4d34b8e4991cb2148e1350.jpg,1
2424,92f9b503d2e690ef7a060cfba0463ba8.jpg,1
2436,937e1e3e947cdde1817aaea5f5cc8f4b.jpg,1
2445,9409581848fd5ebd4310e1cbb8643984.jpg,3
2446,943451e2e2caf2d6dc76c2fe081e7882.jpg,3
2459,94cb3b48c00fa16beedb00accc0950cd.jpg,1
2463,94e8268477c1424e95ec078daf11a2ea.jpg,1
2467,9520399e1e4163dfd0941950822e2574.jpg,1
2471,9586cd365158312a32fcbbf1a029483d.jpg,1
2474,95ed5860dd3664b3f1cec2351a9e8eb2.jpg,1
2476,9612d32a30d20dc28e102e5e72748325.jpg,1
2482,96cf55c3966efec31d3acbb1dff9aa46.jpg,1
2483,96e46f12988c7fe8dcfd354d050a0b07.jpg,3
2484,96ed7f4551da857b95983123062b3f44.jpg,1
2485,96fe6fb734a8364110e51c5f460e5910.jpg,1
2493,97492443e22d442248b277e3de3d28f6.jpg,1
2494,974b1005d91963a01502b6884b67ee08.jpg,3
2498,9768fecacb7157716ce85d8d94150f87.jpg,3
2501,9795c684a49c197c2b48ce338ee77cd0.jpg,1
2503,97b806b36e96511361f147104c29750a.jpg,1
2506,97d89633bff87cf849da88a4bfcb3aec.jpg,1
2508,97db6649bd135ad14d1138f5e85f6b49.jpg,1
2510,980c0140c7f0f02a3677195376fbbb23.jpg,1
2511,9849df593ab52117ecba2b9edd02529b.jpg,1
2518,98ba14986d9bec04ff961bbdfb96d573.jpg,1
2522,991b09ce853c483f2d1088665b45c309.jpg,3
2525,994cfd92c74f9fe3c2bb38872a8b70df.jpg,3
2531,997ca33f6c6bcee53fa2e6e309c3edef.jpg,1
2533,99bb80f552124581502079170a660bbc.jpg,3
2535,99ce03a58173daa14f661b2bd23123aa.jpg,1
2549,9a7eb17e75536b35222ffcf5074bdfc5.jpg,1
2550,9a9a4d14692d2c26390e5a41e0aba7fd.jpg,1
2554,9ab94ea7a48503ecd6e34e8a8d5b4585.jpg,3
2555,9ac2db3e61bc62af5a7193cd75c0a5de.jpg,1
2559,9aea4f386a24482c618c62ecd0efb359.jpg,3
2571,9b969b5edd402a0cdabe043141d6d899.jpg,3
2585,9c56eff3e742fc221b8fb15a4ef255e2.jpg,1
2593,9cd0a89df6b5950c369fe6e8da7a63cd.jpg,1
2604,9d73725b0263c821a06d3fe30fc7e4dd.jpg,1
2608,9dbc7db50d3d75a0df38c8143023c189.jpg,1
2612,9de90beba305c928007bcd068670c1c8.jpg,1
2616,9e11ed3739c55598fabd8b1a52dc7a98.jpg,3
2624,9e7ae816776026ba75662b1771c62851.jpg,3
2626,9e96adac82272afbf36aeab8790c9058.jpg,1
2633,9edacc14a25a46c2a0b458b14b917651.jpg,1
2638,9f64056636b6cc2034c10ff2888b11b6.jpg,3
2639,9f758f690abdf7ec30e20e518949a128.jpg,1
2644,9fb1087b562aac46d26f925e5653dbf9.jpg,3
2647,a029af9b9a5d879e61ff4f8016c18456.jpg,1
2655,a0ba3880161903eaed27403de72f56da.jpg,1
2662,a141682599baa3e824a82cf4b3bfa415.jpg,3
2671,a1ea699be41bed925e7c35c817c82428.jpg,1
2683,a28ea47979346ba4a608ae0a47655bf6.jpg,1
2685,a29932bb9ff2e30edeefa809f15dbf4b.jpg,3
2699,a3c676f25bafe6c2424164af7981f84e.jpg,3
2710,a4374b0f84ad55d919ec00967eea81f2.jpg,1
2711,a447a6d64d1cfe4b824549c12722af60.jpg,1
2717,a49b6d2d2e110c3c2647db1002973a6b.jpg,1
2722,a4e4b364cef90160706a9eaea290f693.jpg,1
2727,a529ca024b7c72f992ad0074771f8f31.jpg,1
2737,a60b723fb337205765ef75fb4b89cf58.jpg,1
2739,a623de4c2a4b4fe53d64c0ce96423248.jpg,1
2744,a65fe7857a4fed9e2092c8c4d3a559f5.jpg,1
2756,a6ba2bd7f95826329b0dd0da6bfc2f45.jpg,3
2763,a73391e74b5d6869e1ca7bf1ee005e7d.jpg,1
2770,a7aae774177eb0254d257d3be7ac14d0.jpg,1
2783,a81f3fd5fe25263586c9eb70c90a2577.jpg,1
2787,a83c11fc207fc87f4b3fd5ea2eb5cbc8.jpg,1
2792,a85816198ad118902e75fa42be7938ac.jpg,1
2794,a85fafa0b4b3fd52c4ca366e50a50b74.jpg,3
2804,a8d94087d68f04327383336dad684231.jpg,3
2813,a9136daf829297f262284c39e1f0a99f.jpg,1
2815,a930a2b7462fd00b05acac14aca376cd.jpg,3
2817,a94b25b72ab446a49e4b17e44ada40cd.jpg,1
2818,a95e78e919780d600d3d938cba2661bb.jpg,1
2824,a9cd03547ecebaaabcb1d36a7846918a.jpg,1
2828,aa46705dd1dcb29db1a2096d57ff2932.jpg,1
2837,ab39caf043b9c8fbe414dd3a22838339.jpg,1
2839,ab44ffa1d84d9a05d181495ac6829e19.jpg,1
2844,ab99f58e0febe4134920aeeb1879e110.jpg,3
2845,aba34d5f277fd0a5a677b98f4460e6a6.jpg,3
2855,ac32d4f07dc9d5b6cd1df4b678349a97.jpg,3
2860,ac962a550a70e26a78eaf3e8c2f484b0.jpg,3
2861,aca2cce15be12589164f8581f0e57969.jpg,1
2867,acf05fd1f015a0f1a58ac271dbc4ba37.jpg,1
2876,ada05eb339bee091d092f0d1bf51ecea.jpg,1
2881,adead4f87a65e35dba8db0d1945220b4.jpg,1
2888,ae1efe9904a5b73890f2a2ef0a73e44b.jpg,1
2889,ae28c7fc5aa12cdc8c3bcc97182216bc.jpg,1
2892,ae3bafa63e880d9a2b1e66a68f8849d5.jpg,1
2895,ae4edbaa8c97c1e982762b954eee70ff.jpg,1
2900,aeb4a40bda3c135f494f64dee1bc34c9.jpg,3
2904,aeeb76db64bb1030bacc3fa4c78d992b.jpg,1
2908,af23d764a3efdb63c0bf38379bcaa01a.jpg,1
2911,af3de93b70c353385a3116f46d6db8d6.jpg,1
2912,af43b88792ad87fcf5b66e0a6f46da3b.jpg,3
2917,af7add98673412d4c865ac3502e757ab.jpg,1
2921,afa0b7ea55ff30c1b04d36b1bda63e4e.jpg,3
2932,b027303ed17e259fefebd30245a4b2ac.jpg,3
2935,b04564687f4f31f902020c7df1f5e3c9.jpg,1
2940,b0740490ccde4471359e9151d1aa0f92.jpg,1
2945,b09e7c4e24ae5fd8c383791d7e84f276.jpg,3
2949,b0d00e2b6876588629175f72762764eb.jpg,1
2950,b0d6b704aced694205f825e3d5ec6974.jpg,1
2957,b1264ad0808345d2ab80ff8bc996f59e.jpg,1
2958,b1303534856986f8bb45c0298a4226fe.jpg,1
2962,b17c754a8fe373db463418d99282ddc1.jpg,1
2963,b18c7e1a2b6cb1da7eb489234276da54.jpg,1
2970,b2106d2eb494de29114e76eb3af7cce4.jpg,1
2971,b21da2d86c03671b59322de90e4618be.jpg,1
2972,b2214c03af09b48e71c8d380e4acab86.jpg,1
2975,b27a9a1f8e792c5ee057292ac125a854.jpg,1
2976,b2818bb96f43ae110b8ac1d53b75b022.jpg,1
2977,b287a71959a11eace9e3d5632c982d31.jpg,1
2978,b289b74bc139fa717cdd613cb4c6d7f3.jpg,1
2982,b2b2f42d7a038a5743f9f22e86f6a3ef.jpg,1
2985,b2d391920df6992be012cbcca3521555.jpg,1
2989,b339725f58825e4ac7806f0cee2f6932.jpg,1
2995,b3c4bccf78352c91524ffc6e7c42c3c1.jpg,1
2998,b3d216517b7a8fd1badbfe28ea990654.jpg,1
2999,b3e858ccc0e990bc43b9fb5f4c30b2a9.jpg,1
3000,b3ea7e0bfe6b7a5f3df2282e762d05d5.jpg,1
3003,b40355fbfb5a23f2f96fcf2623670627.jpg,1
3007,b42226a52717f0eded51f4d1a67eaa9a.jpg,3
3010,b47a7f3deb49159652367593bf5a887f.jpg,3
3011,b4cd44213c373d8126a1941ccef52ce2.jpg,1
3012,b4e8a0f3b7bbf28a92dadca1278021c7.jpg,1
3014,b51e575fcfa9516c5dcb1635ce75512c.jpg,1
3021,b58a89ac6a154de7e097b57ce2a4d9ef.jpg,1
3024,b59eeb2dc71a7f69cb83a4b0992c2799.jpg,1
3027,b5c055c0718fd5d6cb08af126237c5fb.jpg,3
3035,b61eb76e59f8ab86d111fd16c6225e9a.jpg,1
3040,b66a404ef872f2112c52a15d73e41d87.jpg,1
3043,b67a9ae3d00335a0b52683e15a3dd9f0.jpg,1
3044,b692d65ac7a930c0b74631d5500566c1.jpg,1
3045,b6a8638af7edf399f4864028d95eda6a.jpg,1
3048,b6e6f6da7f71627c2c8920389cb1f4b6.jpg,1
3049,b6f2261805570165cc725cb960fd53e7.jpg,1
3050,b70d10024cb07552955e1d338579bc32.jpg,1
3053,b716ac1d3a495d321e13178f8ea880c9.jpg,1
3058,b7410924e2341d1ebe5b95c60c3c6212.jpg,3
3063,b7a1728efa78d787d5ecd13e1a7314c0.jpg,1
3064,b7b23bb4b9f94e5cbbebf12910d636bc.jpg,3
3070,b7d65aace1c7300d664a6a063074d788.jpg,3
3076,b7f5054030c6c7f4b7a06f0df6b48724.jpg,1
3079,b820c0f204b70ee5f91b6ccd9a55bf81.jpg,1
3103,b9c7c8f3c42f2ceaf657d569e18debd9.jpg,3
3105,b9d2868d1ade2b21b6e2c988c0cae0a6.jpg,3
3106,b9e539eaf25438c87eb4bd08c5e1b1ac.jpg,1
3110,ba0b7bc44d0520142387f4c76ade704c.jpg,1
3114,ba2dc06678183ed2b9d246fbf992f75b.jpg,1
3119,ba62ff274c1adb19b4a50aa26698a6c0.jpg,1
3124,bab5b04ad8d852f83e98cb4e64724bf6.jpg,1
3126,babced12cb0b2cc85caca590190aa693.jpg,1
3131,bb5fb6b79b6d8f485f09cc7575b43f2d.jpg,3
3135,bbf46dd950016e39776ff5da1f77925c.jpg,1
3136,bbf5fdf47dfa156dece3f5307ec4383e.jpg,1
3144,bc799322f8a908edcc6158c6a3f17f38.jpg,3
3157,bdb8167854223c3a3822eee87079cdf8.jpg,1
3161,bdef4833ebb38dd92406af129cc754d0.jpg,1
3169,be4da81244c4bd18b28549053cd00d2f.jpg,1
3170,be69b223d98216e0a6b5af54e73a647e.jpg,1
3184,bf04483086986ffe6023cf6643300b06.jpg,1
3190,bf5c2c592115e5d11f18484d56079620.jpg,1
3193,bfa507f184730f6e9eb1ea748b73ee56.jpg,1
3206,c0057bf6c7e02b52fecee4c7e875d7ea.jpg,3
3211,c02cba4bfacc6f7a1171674b0cf4f148.jpg,3
3214,c0417e667f011f420e13ebd8d639203c.jpg,1
3215,c0604586ad70a9421ca01a304e25e92a.jpg,3
3220,c0a3fdce569dc10d537014f23cf61e11.jpg,1
3228,c10534b956efc4891c18beba6dca69eb.jpg,3
3236,c159b97b2f4307315d696a4be5e901ab.jpg,1
3240,c1b4aa3dc1af19c4bc0fa69cf07c6604.jpg,1
3245,c1fccb7b889d81b25afd0a6c1b0cfb9b.jpg,1
3254,c24cbef6dcf204f19b5151552a273537.jpg,3
3283,c3e9a4ab703432856e398eb397e93f58.jpg,1
3286,c3ff17c4eafa592c6d5024f7ab6ada6f.jpg,1
3287,c4004526a1b2bc8f6db4e90204a3cbba.jpg,1
3290,c417b6272285ed3c6d9036427599b2d8.jpg,1
3302,c4f88e61b0f5ebae1dd320eb6e5096c0.jpg,3
3317,c6044c251bafa4a87758048bdc09cc95.jpg,1
3321,c62c1f65558cabc3885ab2724eb1c132.jpg,1
3322,c65b9005a469422b5f8588059b4fa198.jpg,1
3329,c72a4ab63bbe504895248f790518b029.jpg,1
3330,c730ca389491d6155ca070892b831fc9.jpg,3
3339,c795351b03263aea4cfc50fc154ce9ef.jpg,1
3346,c7e0c1b1450c45f84ee12c21eb56bef5.jpg,1
3349,c7fd413a4640a41db79e4628d239db49.jpg,1
3351,c8101a27c24df38d4b9216ea1134d897.jpg,1
3353,c85f7b533c135f5329a76d67e0b6295d.jpg,3
3357,c889c4d48bac74fc79d28c432c52dbff.jpg,1
3358,c8a364b598a6e66beb537ff5784828e9.jpg,1
3360,c8e40bdece1b18590fe804d276c9b7b5.jpg,3
3364,c8ff426cf7b0dafa273ae462654b7dc2.jpg,3
3368,c97688f4a78cdc14975fa848f6639428.jpg,1
3374,c9c193ef8a46aeca8a3b590b30f2298c.jpg,1
3391,cb55936bfb34b45ba80e9a660383d2f1.jpg,1
3392,cb664e037a7e25d7d4c147124f360d80.jpg,1
3393,cb6aad7d82c1a4eb44bcd26ef336ca29.jpg,3
3395,cb7fa6f5f3a499a181bc2d71b5f0dfee.jpg,1
3402,cbca4d364a50aad5e36572642e485fd8.jpg,3
3403,cbeccdac8924a60aaec4bfe75919d3a0.jpg,3
3406,cc24a863a9395b0fde1c267d953c50a0.jpg,3
3409,cc4409028a01babe21b33fa685689b7b.jpg,3
3410,cc49bd2cda9304e8de69e1c18ed40b91.jpg,1
3417,cc9210ca6705488831d2bc2544029425.jpg,1
3418,cca9a94fc2cabe555d814a9e96154a25.jpg,1
3421,ccd5e6647be5e597fc0f17301ae8c9fe.jpg,3
3434,cda05eb92ed9515b9a46186cb0c2825b.jpg,3
3444,cdfa8369b9b43c9f395edd71b3d02726.jpg,3
3449,ce66d6d2c4a08292aa4dac90b2a92f76.jpg,1
3458,ceef4c5008dacb064ec4d4d0f8e66e0d.jpg,1
3471,cf789c1dc416b305559a2c31596c8362.jpg,1
3479,cfd639de8e2fa2c6fb1df293ab70dff7.jpg,1
3484,d01b65c4ab274d2f013e3a8d2f2e2a80.jpg,1
3488,d04bf6811e84d16b8501d972fb45fdb8.jpg,1
3493,d07b9a5a36215e9974eab411d1c73b8a.jpg,3
3505,d1061c1f2ef66ada63a201da7189c491.jpg,1
3506,d10a11fcd07e1c673ab7afa041f45421.jpg,1
3515,d19929b6a6f7a7d0c65e7d5d993f491e.jpg,1
3517,d1bc5c77b511a27a2a8a9f168cf8c544.jpg,1
3518,d1c2c3b24b9ef1fd2f8394e1277d628e.jpg,1
3520,d20e2d37650810b58d5bb90d2da1a15f.jpg,3
3521,d221554e66e30808e466dcac20ec6b65.jpg,1
3530,d288a987f3a0a953e66f593ee41dd9fa.jpg,3
3531,d289227814f6aea18c5253ce365067e6.jpg,1
3547,d38afde41146f241014075ad45f66642.jpg,1
3555,d416623b1239f16520978eeed125e65a.jpg,1
3556,d41cce8e2225b93a556ffccd0a2ffd9c.jpg,1
3560,d476ace625c4b88ed865e5395410c732.jpg,1
3565,d494a7de003be95b57fbacb21c4a448b.jpg,3
3569,d4d28ff1c5cae7db40057cb178f1408c.jpg,1
3576,d52698868122b87a199cf8e70c3ae225.jpg,3
3580,d587886fa493fa06cecc442628c9bccc.jpg,1
3581,d59229521c94453a213eaea5da576ebb.jpg,1
3583,d5a642ffb91e2e102d8383f0f460b189.jpg,1
3592,d5f1b05f913f54350bb771afa69f7eb2.jpg,1
3599,d654ba9603165ea88fc6d693e87cd427.jpg,3
3603,d69f2d43391a7d81f5611e499ed0731b.jpg,1
3626,d785951d776406cbd1fdca8b8ae69f4b.jpg,3
3627,d78ccec619337a33b71996ec6920035b.jpg,1
3633,d7c2770dbb853b624934bcb66825c650.jpg,1
3635,d7d17963734803f42d9563f1d3314e96.jpg,1
3636,d7e98d251fab0863ae9e43de5b9ad3b2.jpg,1
3638,d7f10e9b197b86a9f6587a9452d81be7.jpg,1
3641,d81ec14c9dd86f169dd8c22e9e1650da.jpg,3
3646,d862f6a202cba4d4ef6f3997bdcfb279.jpg,1
3648,d87ef2f45859e0b4994e093abe70c295.jpg,3
3650,d88d3df10c273a56f644eba0e151eca1.jpg,1
3656,d91d28dc9b648465d8215bfaec03b4ea.jpg,1
3660,d963399cea5f1b708e7ad141d029950c.jpg,3
3663,d98a051de040c0b8db6ac3db25f7a722.jpg,1
3665,d99933327a099a073a612512836deecd.jpg,1
3675,da64394f8e6bf9e4b1cad9f5b73b84da.jpg,1
3676,da692d4bd522d662f1411eb973d65016.jpg,3
3677,da717c113236b188d2e35f40280a07aa.jpg,3
3679,da7a88771feb951682cd7370bade9f95.jpg,3
3681,da846593620c763d6db5dfe49f2191c2.jpg,3
3683,daaf3f1c5b62836a06b0ba709aa93e5f.jpg,1
3684,dace6a28be85db656889c55a94f9a79e.jpg,1
3686,dad7823054d3de8fea6148a20c41f6d3.jpg,3
3695,db2b2f6b86ecc9d0ad64d7466e6d1d58.jpg,3
3704,dbd3cb116aed5ca86162b548bb74a1cd.jpg,1
3708,dc2f4947de8b8f0d48522b8fc3149a2a.jpg,3
3710,dc39379f4225e6cdf8115b97e81c65a1.jpg,1
3711,dc45b34e882488b096d892a9cf67d447.jpg,1
3712,dc503db707b03d19bed8086f87953833.jpg,1
3715,dc82857dd282faf26b6e52ea8fef462b.jpg,1
3717,dca8d00957baae8ce669cda372c14d8f.jpg,1
3720,dccd41ecdf941cd7b792251b964ac64c.jpg,1
3730,dd1bea14a33716eac0861396e74beb3e.jpg,1
3732,dd512bac6c2a3111cc484a7571a17cdc.jpg,1
3740,dd9face383fe4acda32bc8c8d70f3838.jpg,3
3744,ddc5271e8b74bdba95667cc7726fdd8d.jpg,1
3746,ddc7e9aee7df57ca95e748c77e140787.jpg,1
3752,ddea96cdce2a30fa307917afc7418d82.jpg,3
3754,de1603d0a56ad492048cc7e53f99f00e.jpg,1
3768,dea046eb7609799f7a6c8d9555d2d45e.jpg,1
3771,def14cade812aee4d8d39d1c102d7c38.jpg,1
3772,def21bef0a3d650ba4e34aaabfbb288a.jpg,3
3776,df1d54eb7bc383733f7e8b8ddc151177.jpg,3
3785,dfe1069e30ecd9c6ec9c9db2bd2409fb.jpg,3
3799,e113fbf533d899059af05b46dc19a8d9.jpg,1
3802,e145a474f07950462eef0c7438dfcd90.jpg,3
3803,e145d70040e17a15a0b5e8aa0afd2610.jpg,1
3817,e29069e7decb77eae1ea7c8a1b67fc24.jpg,3
3820,e2c91351eeb90058f2ec5ad3933ac4e2.jpg,1
3821,e2d00ed3d13d188737e9cd3d99c35872.jpg,1
3822,e2d9caa3380845b8a41886a32f20694a.jpg,3
3823,e2f9e0c64e57258ed64933137ec52079.jpg,1
3825,e307319eeff5861525ae65049484723c.jpg,1
3844,e41dba75acaf9750ea07622ba924eddc.jpg,1
3857,e4fc9d80a78e8cd7acd9758466b257f7.jpg,1
3861,e55751f3d5b84895e98136ec5fb05604.jpg,1
3867,e5a394402deda08b83b8201efa333d8a.jpg,3
3868,e5a72e47e8f80592fa93eaca9b067439.jpg,1
3871,e5e3c1d50f7376e29426cdd70f677dc9.jpg,1
3872,e5ebfd5c5860f38fb4f930b2704c51e7.jpg,1
3874,e626bdb2024cde3f8e09abb09279057f.jpg,3
3881,e6730dfec3d9b04454eeffa007db171a.jpg,3
3882,e67f3b191676346e5de3a3bd61f91a9a.jpg,1
3883,e684942d3889b9a35a1bf1d6288fe18f.jpg,3
3885,e6be188bc7e115dccbd6b3a251bad14c.jpg,1
3887,e6c79b6f3fc0c9d60136badf02680e5a.jpg,3
3894,e72a8ecc69b920917c8cbc4e76ea5265.jpg,1
3895,e73604d9e1425a080bd01b80c57c1409.jpg,3
3908,e7b2ededf7437c5c1a253d2a2c244c80.jpg,1
3909,e7c612e8a8b081cba9cc10989cac25da.jpg,3
3915,e7f62b4ee6046e2568dd40b77cc46e20.jpg,3
3918,e81b4f6d7d01a51d6a766cad9da96a2c.jpg,1
3928,e8bc1c2930906ff8b16359c55bd66c6f.jpg,1
3941,e9ade1d5be2768d0f7c0c02de3d4377a.jpg,1
3951,ea150df8d73e23d70c371bf8661ecbba.jpg,1
3952,ea3ce1cfc4b7b668b6c6b179f4bf42ef.jpg,1
3955,ea5ef9741e6fd62f7da6aa558270a981.jpg,3
3956,ea6d73e611db19938ee171f6f197bc4b.jpg,1
3957,ea7ae8cdaa15915e35e8bde117230d17.jpg,3
3960,eaaf011fa8bea5362b18f14f7dd31e86.jpg,1
3971,eb283d4b7afa73311cb4f02f953481da.jpg,3
3974,eb3c9f4c5fcff59af47289ca6faa17e2.jpg,1
3978,eb9e173f109ba137b33fed7d5d50661b.jpg,3
3982,ebcc4a10cbce7053dcd86796d4880601.jpg,3
3995,ecc1098a10e662feee5575369aebcccc.jpg,1
4004,ecfe63aa9ed29043a8ecbf31b4bd12af.jpg,1
4005,ed04e0028e09ba242294c4c19b0368f9.jpg,1
4008,ed1de073793e44c7bca5cbd76204f718.jpg,1
4010,ed582a18664052b6791f5ee5f1d99bbd.jpg,1
4022,ee256f73fce0faecb59befe9fbe8e075.jpg,3
4031,eeb1da205b1f393dad87636bdc64e36c.jpg,1
4036,eecc0871666b9b72011ac5d64cf245c9.jpg,3
4041,ef2d40137a8b090643e66e8c429da53c.jpg,3
4051,f004be6641be79aa1b18a1ec6e794595.jpg,3
4056,f0590d5cc48fbd3cda1c40171c33a50b.jpg,1
4068,f1112ef86325b588525eb50587467634.jpg,1
4069,f130166b55dfeaf2e5cbb41c4bd89e0b.jpg,1
4070,f159392da5350fb57d6d791504193d6d.jpg,1
4076,f1995321d211f010ca6cf3b3ad8e93ad.jpg,3
4095,f270d578917d5817f23a30adba9beb1e.jpg,1
4097,f2a4ef2fa0d30ca094b1fca6431bb39f.jpg,1
4098,f2a65d889c5c3b8f23b882d1ff893807.jpg,1
4100,f2ba5241d81047315296ddf008444794.jpg,1
4106,f3441b57196e670baee482defdffdee0.jpg,1
4109,f36ef526da26be977641182edc1c6daa.jpg,3
4112,f3b378a3a70baa23bf8a5c8973449cda.jpg,3
4124,f4220748d15800623b0579a03aaa62d1.jpg,3
4126,f426863908edf85538e6719206dc3f95.jpg,1
4127,f42abbc71185b03f36b2d0abf3f3951d.jpg,1
4135,f45d24f055cca08595330ae1853961da.jpg,3
4141,f4c53ebd01babafa41a55d16d7d73a4c.jpg,3
4145,f4f7011b7140c9a25d92427f79bb9b88.jpg,1
4158,f5b1dac62af256a6fff051636073800c.jpg,1
4162,f60f0d32894c44698a1d0cf33468453f.jpg,1
4165,f62e4f575820d69335bfc17d9e47456c.jpg,1
4170,f67cf12c85c90df5e753012f0c282c94.jpg,3
4175,f6c087835f76100daa1e8d0126b393fb.jpg,3
4180,f6f11b932fa9626b27fc003b4eaa5aff.jpg,3
4184,f7206be8924cc762a1afda5327e332ed.jpg,1
4188,f764ff75443966bf446feee34e2f2384.jpg,3
4208,f923962a61f29ff57d248c80fe2ad746.jpg,1
4212,f982ed6d384eaa07c8a3b0c36c113aad.jpg,3
4217,f9bc905dcc4386d68212f3674d0c61d2.jpg,1
4219,f9e860dd4a957d87ac98a7324b06a5b2.jpg,1
4222,fa598e9ebbb9b76754e931051ee1ae0c.jpg,1
4226,fa9475fd2ac3ea84af256a326fe0e4ce.jpg,3
4236,fb1ea8338a8c3c9a90298d2789f3bbde.jpg,1
4241,fb6442044a44255721cf2e6651e76d8b.jpg,1
4245,fb8b49490a9d26e72499c3e55739ce7c.jpg,1
4247,fbce11394dc8f469201033e23217b75b.jpg,1
4252,fc243545f4420ea071b957485e89f939.jpg,1
4255,fc5d9df520db2fe22649342f5b8f923d.jpg,1
4265,fca7cf87f3bd3fda89c59c2607714e81.jpg,3
4271,fcfe20f08051ed5a97decdff3f78de1a.jpg,1
4284,fd7a97504a0005c614699431d9f1dfea.jpg,1
4286,fd9fe1d310878a90e56ce25d2dd8cdd7.jpg,1
4287,fda647bd3a9350d52935af0718451de3.jpg,1
4294,fe306542e1eb2fc570bcee97aba45119.jpg,1
4301,fe82a81de6d854b050b22247a4bf3a4d.jpg,1
4302,feb52287ce39cd6d759f45c38074c8ab.jpg,1
4306,fee7c149636e16c738bbb2c326189c64.jpg,1
4309,ff2b1c5388da1343e248824276401439.jpg,1
4314,ff886ba7b92ac19d457935f4e8b39a3e.jpg,1
4318,ffb730a1680b071fe5debee564d4f6a6.jpg,3