,img_name,times_aug
0,001227c7aabb1b3bef1dedd7637e715f.jpg,1x
1,0013ef9ba1dc270322ae715b78692a49.jpg,1x
6,00ba6e5339894347e74e4c31e17546a9.jpg,2x
8,00d3c50f00fdd549de31c2926b3e4f67.jpg,2x
10,0113fe17f8346ab625c85996f970e678.jpg,1x
12,012312df956170a41d4ea1f7dcb94ff8.jpg,1x
16,01a98378b3fa9aa60538b722e5acf1c4.jpg,2x
20,01ce4c01a4ce03ea6c98767d8e472e25.jpg,1x
26,025b8ad0a84bffd2b4b6a0b53d946a4a.jpg,2x
28,027408a0ea496158896d278faeaaf140.jpg,1x
30,02855e4ac097c0b8bbd921231faf8e2f.jpg,2x
31,028ac663bb255bc81ee5ba1a8c1e47b6.jpg,1x
32,028cd0cbaf7d0978196ade82a637b1e6.jpg,1x
34,02aef3ecc1278522c18ccbdd9c5c4313.jpg,1x
36,02cdea3c6bfe79bd54b5c30746576be4.jpg,2x
44,033c614bed5225f59a93a96b275e2bda.jpg,1x
48,034db28aaafe0028f24a604180f3f0e3.jpg,1x
50,03846402790f0b07c4728f16e41e5711.jpg,1x
51,038d020a53a9c318aa8107184c944713.jpg,1x
53,03c3eff2fbb5a7ee5757d60b311607af.jpg,1x
55,03cc6e708fe7e75a9f79faaa49d82e34.jpg,2x
57,04041041f424a1ef1eabdda8d424650e.jpg,1x
61,0425cdad415b8e68dc4480b7d5c16367.jpg,2x
62,044c8ddfda220b8d1f363368612fcc14.jpg,1x
63,046bb4169181dbd06a21af36817455be.jpg,2x
66,0487c49541a539eb83ba8f73c4d36d91.jpg,2x
67,048812d4ce9ff2f29fd20abde567f68c.jpg,1x
70,049bb38af3dec9a87d531ae3de653453.jpg,1x
72,04c4619946256248d5e1c4e8c2db3a1e.jpg,2x
74,04e87de5f082244ce319f128704c47ef.jpg,2x
75,04eb567842fc5841018736c37020d830.jpg,1x
76,04f43378b0005e23890d89b787ecee81.jpg,1x
80,0508fb837b6a90751d5e3d83a73325d4.jpg,1x
83,053573f37c4816ede2e8deb875ab1c8a.jpg,1x
88,05623866bdbdd3377ccebdf6dbd8da39.jpg,2x
90,059b4be0e80b36e1e7ed91c5c9f77dd8.jpg,1x
93,05acbb7cdf8428ebc021c6413013c07f.jpg,2x
94,05ba93db8156153bd169ff29dc9dcd6b.jpg,2x
103,0643d433b7cf53a4af42ef246beadfde.jpg,2x
104,06490aa43afd796ddf041a5e9847823a.jpg,1x
107,06597e560b35f1480237acd8a7f65c1f.jpg,1x
108,067496381bb92538994eb03883f2d556.jpg,2x
111,06c24055ee2989640a1a0f4fda891cd2.jpg,1x
113,06e2cd15229c163b3443c3a2c2fea26f.jpg,2x
114,06fc7493a0df67f88be28b5e81b4f07a.jpg,2x
116,0718d4d53aa88465c514520041c2cab4.jpg,1x
122,0758fdaea8105bc8fa8aa4e7dcdcd67d.jpg,2x
127,07c575191cd183a62f26d65ebe8cf236.jpg,1x
129,07e1543132b52343106882b1aaa418f4.jpg,1x
130,07e6dcd520c15aeb4323bcb56cdb1760.jpg,2x
131,07f4fe8c7dbbe9329823dca3c86c1c39.jpg,2x
132,07f924032f3bca3f5702f4c4ac4ea8af.jpg,2x
133,082c6d0198d97b15c7c8167e9d5340d2.jpg,1x
142,08aa92996e8c491a33160fb211fb7496.jpg,2x
143,08b0e3d81175d39e09319da4da6393e6.jpg,2x
150,092891dbbc39622f2c218bc9e848dbea.jpg,2x
153,09428c461894836faadff957cf32d5b3.jpg,2x
157,0978295a5db3f4f1cb5d9ee3e1caa4f6.jpg,1x
163,0a069db36d3be4821643efdf57ce3a50.jpg,1x
166,0a18046b6b507492869249b8ef4fcacb.jpg,2x
167,0a33a7b7928d7fc811e01ed70fdf15c8.jpg,2x
168,0a35cfbfbc9bc7a99d1946e0039eb7bd.jpg,1x
170,0a4607e9cc7fdfe4f9dc20b6ce0af79c.jpg,2x
175,0a675ce0f76d5d14e691f7e47a9b0152.jpg,2x
176,0a80e2a4043a285593de6f923254c8fb.jpg,1x
178,0aaaf15f9bce7c3a4b56ce455b44962e.jpg,1x
179,0abba4d267cddd5750f94773b0a69403.jpg,1x
180,0abc4edfed3a7a41ce4f7f546a649795.jpg,2x
186,0ae4c4c257c101165dce65d33431fa1f.jpg,1x
187,0aec6fffb81440adce70d19b05e6582a.jpg,2x
190,0b1823cb02f5ed5dbb01e0e84717a0d1.jpg,2x
196,0b67a8267501345beb6c87089576dedb.jpg,1x
200,0bf9774d12c593868820416938e00344.jpg,1x
202,0c2000ea9441f9632e0abd6f9ebd9bc8.jpg,2x
204,0c420a8271a6ee9beaf9f80024c8b926.jpg,1x
211,0c89169710bf2a28c29760600cb9d837.jpg,1x
212,0c8b53ef1ef5cd1a46c1ddae605b9c7b.jpg,2x
214,0c8f7d39d9cfd13f2ca51930ff4763ed.jpg,1x
215,0ca5218821aa5cc037ddaa7ca7fd0dc0.jpg,1x
219,0d01dd374c1974e53f75cc6084de6b3c.jpg,1x
222,0d112117b3c3878aa33242cc206e8a7e.jpg,2x
233,0d82b790210c04dc67b8191f973a1aad.jpg,2x
234,0d83048d7f544245951c899441b02de4.jpg,1x
236,0da086c449e045fbee1c7c46ab6fae13.jpg,1x
237,0da611ad357767d48b20ac5cc9f82628.jpg,1x
239,0daff75164acee59e2efb5439dfda621.jpg,1x
240,0de23e11d00d6ab0f631bc27ea6220cc.jpg,2x
241,0df4306b914dc89c7f8c5996d7948f93.jpg,1x
242,0e0a4e8f115e3a617aef9bd23e46a4e4.jpg,2x
243,0e0cef422cf3ef7181b6935fa02e4e1b.jpg,2x
245,0e1ef0853c7db5a04b5c8fb7b6bbe2a1.jpg,2x
246,0e2d01ce293965e86adfb67ff96614f3.jpg,2x
250,0e524133da5ff615a27e46373063d481.jpg,2x
255,0ec707f52fb3c16e6b6e65d554448a92.jpg,1x
258,0f5690fdafd83221c2ecb64ecbffa7d4.jpg,1x
260,0f70237d1baeae13f5a4c7d44b9a7a8a.jpg,1x
262,0f82f81e68c635b0a46928e579977738.jpg,1x
265,0f97648dc50b489194a91223a07bfb13.jpg,1x
266,0fa23e93e1db938e0ad6a26199a7c230.jpg,2x
268,0facc5d7651133ee025811392e50e91f.jpg,1x
274,1020bbb8fd0c9440da3bb473b2707e20.jpg,1x
277,1033c40c8df8cc11a2c8b49f729cf48f.jpg,2x
281,104238ddf6a6a03056b582572135dbd8.jpg,2x
283,106f3e43f38be03a5ab935999ec90b18.jpg,2x
284,108377aaf59effb32fc49b51cddf2e84.jpg,1x
287,10be63d41fc83eec9b825cef684a9a56.jpg,2x
299,116b087b7272e93d38f769c6fdeac0f4.jpg,1x
300,11783044222a58e3be7e737042aa7e79.jpg,1x
301,1184c8b05e99b13f2d751019a68fd6d2.jpg,1x
309,11faadadc00a99a7b7d33d6b2b26ec75.jpg,1x
313,12398fb1ffd1dff025bee8bd2d11d8fb.jpg,1x
316,1271d64c1daf3c8bcfc2e7d5de1fb25e.jpg,1x
319,12769f1f37526e6995a8b8a001bb48c2.jpg,2x
323,12d69a661fe0ad87d079d246c812d1ee.jpg,2x
326,12e10edbed17c2872cd19c577041ddeb.jpg,1x
327,12e1992ba1c06baae6858f0ae6b902ff.jpg,2x
329,12e6e892db9411a08d3a0d3a07e6b60e.jpg,2x
330,130117bce8a90e8203f7c48d1ab55111.jpg,1x
333,13414525f1007d3d31dd8ef9113332dd.jpg,1x
334,134e04d5d91d869424f236ae74d7800f.jpg,1x
335,136edfd0916f70e6d2803bf6f59a3683.jpg,1x
337,138540720a7ff29ad2f15c4006dd6e38.jpg,2x
345,1413b40659f634ccb866518f13b7fdb1.jpg,1x
348,14382973f88fe4cc469bfaa7110a7d77.jpg,1x
351,148af315bd5572b35cfb1512c7be909e.jpg,1x
352,148f416904775e224901e5c545c8573b.jpg,2x
353,149a6d2a888f6b54e57351b9ea71f5f5.jpg,1x
358,15088e6e717a7a2221cf70c27f0aac4d.jpg,1x
360,155a66bce5c51d76c36d9ec67be31da0.jpg,1x
369,15c4bee86f09210351e5b72f68ef04ad.jpg,1x
374,1615e9dd25cd9ad2a12344f34099eb50.jpg,1x
388,16b01c1b254adfbe3f92838a78291be0.jpg,1x
389,16b3f9e9cc9e7f8a7f74b88eb110804a.jpg,1x
393,16ea269371fe4a5dd7557505caba2880.jpg,1x
395,1703e4665be605a2d410be586f529cf7.jpg,2x
397,17231800c7edc6ff8118928219408548.jpg,2x
398,1733146b7f791d07cb43018113d75e7f.jpg,1x
399,173476bd6b28d4d331aa90c88a37a3b1.jpg,2x
409,17a8203f5b6fda2854cccab50e0fc3fc.jpg,2x
413,17f4cbba30db67923df1544057b0af22.jpg,1x
414,17f7a557fa0def0a00bfa7f125a7a671.jpg,1x
417,1813fccc37aa82a59591997a1c6c2c28.jpg,1x
418,183969996e534d62156f2d8e76d7194f.jpg,1x
419,183a16e0b9df14a6681d8f0ebb059655.jpg,1x
420,184476c236f95ee37c37f9b8ac289b5a.jpg,2x
422,18640f237dcc3f6fd401def74d3094be.jpg,1x
429,18efa4988e8843ab8923445b3a5f50bd.jpg,2x
431,19116950d5eac96fa967fec00e0c914f.jpg,1x
434,195f191bdf71140fa979118431422d10.jpg,2x
440,19a23c36dae9543201e1d73d7389a352.jpg,1x
443,19df9e6f99aead6c839927e4a4f0e5cf.jpg,2x
444,19e6c14792ea5ae7949adf86e0d20468.jpg,2x
445,1a2aa58f5ea9dcd0956632cb38bb0ab8.jpg,1x
448,1a3a0655e02b923b42ac62f40d99f5fc.jpg,1x
454,1a88f92c5d52161efca2bf458627238f.jpg,2x
456,1a9f5c2297cdf166c939b29760ce6f0b.jpg,2x
459,1acf811b78be71e0976a943607dffd6e.jpg,1x
463,1b3d7fd535c5554de004f24d8a1efb25.jpg,1x
464,1ba57e7d8a18b18f7de312ff9c73b4e7.jpg,2x
468,1c15886ba094f3c2a253498f801be6f6.jpg,2x
475,1c96137136c7657fcc303766541d424a.jpg,1x
476,1c964f22c737c74de01c5d5446e7c0cc.jpg,1x
477,1ca72b92b8d6cce257989009cefa7a71.jpg,1x
479,1caf0b91a7dc37c8dfed56f4deac3aab.jpg,2x
480,1cba4d3c89a003adb740aa6b508fd6f5.jpg,2x
481,1cbb82fd18adfc466b3fec99340bdfeb.jpg,2x
483,1d1ef1b53f89e428e9f132cfdae97160.jpg,1x
492,1da77c38f8403fdc6077bb1e008bef37.jpg,1x
493,1db5b60374cb6e75188cd5ae153c0697.jpg,1x
495,1dcdcb125506fb03951a68803dcba313.jpg,1x
500,1e041c0e2e7603c166229b160b00934a.jpg,2x
501,1e23c6268fc687bb03b1165a97b6e2d9.jpg,1x
510,1ebfd4b6067a168acaede6c957e183ad.jpg,1x
512,1ee3e9f452a24d7c268aee3764005837.jpg,1x
513,1eef4e994f18c53f48d60b921417a3c7.jpg,2x
515,1ef944d94439699620778748611c4290.jpg,2x
517,1f28f345d8779935ee3891ee3de3d4ff.jpg,1x
527,1fa31f057cde29a6a25aaaf6071b491f.jpg,2x
529,1faa1e0283d0e36e827211f673d21b29.jpg,2x
531,1fb6172e80ee374f234663d3e27a206d.jpg,2x
533,1fc3ec9af5b5f50ea258189f26df354e.jpg,1x
534,1fd1cb0a0c279c4ef09043300f12137f.jpg,2x
535,201bd2e5f8d14160a2d7c349049d52ff.jpg,2x
537,20552261fb90cdf0faf2a847884b7fda.jpg,2x
541,2086edef0902c95424395adcbd7f0765.jpg,2x
544,20fbc3a40b55dc4eea4cc5af13c70408.jpg,2x
547,210b81ba424c71b07bfae89ef65a6cba.jpg,2x
553,2177bea8c6128407fde5aac8dceaa836.jpg,2x
555,21963cb6dcbe8cc90d49954af4ea6022.jpg,1x
557,21b15c4c0f99aee57f7f5dc44c7df03d.jpg,1x
561,22094e5b00c8480462a17ca4e62807d3.jpg,2x
564,220cb791399427be965198da51249024.jpg,1x
566,2232ecdea2647d0898d3c06983fe2dc5.jpg,2x
567,2237ca78d77a893cf4ea2b8eb8feaec7.jpg,2x
569,2241306ddfee11eae69ba9e205f3e7c4.jpg,1x
570,224cf724ebefa24ad59843f226c4e769.jpg,1x
572,226c75aea19a933ed5a7b19141582648.jpg,1x
573,2299d225aaa9f43e5c18c1afb01895ae.jpg,1x
583,231000094361d97c7f9bf5695b8bffc5.jpg,1x
584,232dfc19220e6a725921b582504e0cfd.jpg,1x
586,233c2639943dedfe065bc8e8ad985799.jpg,1x
587,2341c27909e808e9891ad8c80a73d5fe.jpg,1x
590,235f9a0e6d1b5f89c4b2ac11df46f4b3.jpg,2x
593,23bc5649c048e6d74fa4ec442678478f.jpg,2x
594,23bdfec5b2b089fc67546442c0d6c9db.jpg,1x
595,23c8c800cb5a41107877955938bb41f9.jpg,2x
596,23cbe69445832113090ffb2ac053310a.jpg,1x
600,23dd64f920b5d7ba25792bd2aeb0cfed.jpg,2x
605,2430fb95bbf176a16a32d9101e0951a1.jpg,1x
606,2444ce977fb383fcf383ca2125a9793e.jpg,1x
607,2455fa0093e161a0848d52a9276c518f.jpg,2x
623,257cb8176efcd853dfa8a726fe3ae255.jpg,2x
628,25aa47d429d0940ed42e80f07e5a9abe.jpg,1x
630,25acae998d5edd230baed0fcc1d701c5.jpg,1x
632,25c6627f648a1be7f9de10aaccda1f1e.jpg,2x
635,260ab2077f78274f8461ae5e5824529f.jpg,2x
636,261a6ce61d0fa54101168f03bdfb2cb4.jpg,2x
637,2632fb4f73aa4e84cb94c416544f0b08.jpg,1x
645,26ced265412a9690232d1e0eb5fadabe.jpg,1x
646,26f1805dd87baa70ddb07947e41716d4.jpg,1x
649,2708da47b12d33d839399c471b1a7dac.jpg,1x
650,270db3b9e83176b33e82dc6b3d133b9d.jpg,1x
653,27187150cdb8d92e091a2e8be92722c2.jpg,1x
655,27206c4222d30bf1289793cc00d70697.jpg,1x
656,27241ba1b8cecb6b2485e5ef7bd32674.jpg,1x
657,273c4804fe5a176d762c2bafb65bf697.jpg,2x
661,2779f858dc7c2edf9dfa40ac28f45c4b.jpg,2x
662,2785e9adda0cbd6b963efaa5dfd5a001.jpg,1x
663,27b34a1ddad8f3014cfc71b7dd9a571b.jpg,2x
665,27c510c17827495ec284b605bb773b96.jpg,1x
668,27e50d9f96c3a89d650612056c8f56ec.jpg,1x
669,27f7877f7edd259ca8580f1ddc3795ab.jpg,1x
671,285829d7b9c1ebc4382977f549fd2007.jpg,1x
672,2874958b6d74d2e8cd1df8eac1192944.jpg,1x
675,28a9d58753aa742d642ea41c03b020c4.jpg,1x
676,28ed76ffeae749e770266fde500704b9.jpg,1x
678,2916cab418787b5424249942355282b7.jpg,2x
681,2941b1d4f1a8a672bac03765e05dc64d.jpg,2x
686,2996d1dc349fd621a2006b57214eb1b0.jpg,2x
689,29d242225d8b83c5273fde46a4ae47a8.jpg,2x
690,29e95f6daf4aff65352a6038cbc55dbc.jpg,2x
691,2a14c43c7bcbf63543099da943e6f5aa.jpg,1x
692,2a31dd42f9571adf0cd8623adcdec305.jpg,1x
694,2a3d9de95942ea8cd35b59b2057d21d2.jpg,2x
695,2a504fd9ac2cd79977290edaac284ce4.jpg,1x
696,2a52b2ad5dcb0820322fbbe5e40ae7ee.jpg,1x
697,2a5e1645014a6785122e22c1b64b59ed.jpg,1x
699,2a7fd5bba008db99ab18011d1f13796b.jpg,1x
701,2ad9ee5e8a2488b8a21651ac433ca7a9.jpg,1x
707,2b3869d3e141695dcb7dd1b5dfac46fb.jpg,1x
708,2b3fd8fda93eda41f5b4ba88b0d68287.jpg,2x
717,2bdcbd8b7f0a578e2a527b09c06bbe5f.jpg,1x
729,2c6bd2677a4a769460816b7afa446a4d.jpg,1x
730,2c8249c26a3e3d7b2ebd1315531e5921.jpg,2x
731,2ccba7ce06d7531155b96ca9dad90a50.jpg,1x
732,2ccdbdb79ffa49076417093fdfb128c0.jpg,1x
733,2cdc527365319e41c97787cb3ea0de48.jpg,2x
734,2ce2be2c5b03fbeb1b89e812164b854d.jpg,1x
738,2d27b1f06850291bc4183d849ea3019e.jpg,1x
746,2da82a5fc9f69bfa9ea388d666a25798.jpg,1x
747,2daf0f03f02cf6878a9ec7802c0401e4.jpg,1x
750,2dc0af60b1b75bff2bfaa8e2675343e5.jpg,1x
751,2ddcefca3f7c19c1718979f27ddb3b64.jpg,1x
753,2dffc881f47564eb9b97d43597df8b34.jpg,1x
754,2e01bf0b15d8f5f23383d281561ea6e8.jpg,1x
755,2e0931982062b209ec027c9f2a13dff9.jpg,2x
763,2e82996e1bd84a666738a535b8f71fed.jpg,1x
767,2ed2a4986737d3724e7bfdcc8d7241c0.jpg,1x
773,2f1742bcf428d2dda42dc89c679cb9fa.jpg,1x
782,2f759ec8d4dd7d7bec08b22ac2bf311d.jpg,1x
784,2fe014af24ccca076a40e13f619576d1.jpg,1x
789,3014a57c6fc432980a53c67d074d116c.jpg,1x
790,3029bfc34e528616b2b67adac4948321.jpg,2x
791,302d2ea984b623f7420299161fb89ee4.jpg,1x
792,303056ab1dcd9381506a4b9f97199e03.jpg,1x
800,30da934beb93b73e59f19e8dbb32751d.jpg,2x
807,31ac0bb8c6af3c9e299430a244de3343.jpg,1x
821,321f01608dca7f9f7691080dc8ff8a2f.jpg,1x
828,329023da12649af48b2600220abca654.jpg,2x
830,3297cd186a8f6df6494b41a5fb5f0009.jpg,1x
832,32c2bfba10e55046bfbbd7db56b0403c.jpg,2x
834,32db551522171dc4f221d0db06aff110.jpg,2x
835,32e00635e31810be250e31e5c20678f2.jpg,2x
836,32e83a93c6d404f5b46c194a773a0416.jpg,2x
837,330a386b510e5d749eacb64e05298b9f.jpg,1x
839,330d78ba7224d85a67859da6970e9129.jpg,1x
840,331bec8b678a4c0f5f11723cf527fea1.jpg,1x
842,331f914cff3e65eeec0ae6cb1ab8b93e.jpg,2x
848,3371fa8fd2bc002604ed83a67c68d97f.jpg,1x
854,33dee59f333b8ca142f700074b9065fa.jpg,2x
861,34675e976d486b4feb28bb4503c8ff8e.jpg,1x
863,3477a8911321cc2aff83b0cc2e82cdb2.jpg,2x
868,34c75de85b3e070acf222b51343422b5.jpg,1x
872,34ede42c06356ced000b8ee2c99fe368.jpg,1x
876,351637195c2703fca72c976e3bea3bf8.jpg,2x
878,35437410f89936e594073755548fb578.jpg,2x
880,359db8e24968ff8e0edce06ab552416b.jpg,1x
885,35c8da15d2cc889d6cae3311af8780c9.jpg,1x
888,35fcd4f641cb707c41ca334d46e345fe.jpg,2x
896,36a1a5fca2d6f61d9c628ce220babf72.jpg,1x
898,36b536679308505147aef490d53f5381.jpg,1x
900,36bd97ce49e60970b07d45ca48927230.jpg,1x
901,36bf746526a07f6a9ecfa9e821249483.jpg,1x
909,37571a20675682a1082df4acf1c2b513.jpg,2x
910,378b2df4a13ba4b0b26c91a241d2193a.jpg,1x
911,37cd2b209f6f5487a874a417abbd668a.jpg,2x
915,37f2b74baec79172139f040c362d63aa.jpg,2x
917,37fe512a0cf914b437a695d63e131d52.jpg,1x
918,3803c7e25209059aa596678baed1ee06.jpg,1x
924,3835ddf978c4df34041a2a78f2e0a545.jpg,1x
927,38549ef8074230a0e6549990a1ad13f3.jpg,2x
928,386085c337d08264048b372eb65eb451.jpg,2x
929,38627382915cc75678ff03b28f23ea91.jpg,1x
930,3878a4b0ac291033cad382bb6673efd9.jpg,1x
933,38ba9eaf0ca7c19dfee0ba289240b09b.jpg,2x
936,38ec53add4b4c109fc9246bef134f102.jpg,2x
937,38fc1ab66b30554ef6d654b2fb19529f.jpg,2x
938,39094f79008a409a693c86d00f043840.jpg,1x
952,39cc70eb370c103f652f83f6f218fbe2.jpg,1x
953,39d25a92688f1032d0fe1f114a9881e5.jpg,2x
958,3a103f47fa7599b77a1e7a9ab405e225.jpg,1x
961,3a418333be0ecba3f5d32d0ffe207a8f.jpg,2x
966,3a96477b2a8e370544f793d8ae67b92e.jpg,1x
968,3aa034c840f7956d8eaf6132e476eef5.jpg,2x
970,3aeffbf55e31e5249019607f387300aa.jpg,1x
973,3b2478e83bacd8986d0feba6906291c0.jpg,1x
976,3b754cfe46ea87255984896b6b00f0da.jpg,1x
978,3ba99530ad3652d4758639a6d8a07487.jpg,1x
979,3bb8f304668b23b981e2e819e46a9645.jpg,1x
980,3bc244e09a1366d5ea7c528cee12637e.jpg,2x
981,3bc2a463cb681666527ff8479748bd40.jpg,2x
982,3be8fe796bb65d6f8cb17bc7a00544bb.jpg,2x
984,3c08cd14a91437fbb445dc3411d3c9b1.jpg,1x
985,3c2bb34fe0c48139a7c4272f1809b0a8.jpg,1x
986,3c37f53805c643d56817d6013b7e9656.jpg,1x
988,3c750cf4503ab8072c238bd809826cba.jpg,1x
989,3c87ee9dfff331370c54a631b7f66821.jpg,2x
990,3c9543a8d8e9b1a844cfa50a7fca7261.jpg,2x
991,3ca226f60b03afe176a44718e95ac417.jpg,1x
993,3cbbb65eb172fd8c9a971a60caa1af77.jpg,2x
998,3d2d6183057cdc7c2e3737bcf9569b13.jpg,1x
999,3d306fa1bef861ae5f8ab27f995bc765.jpg,1x
1000,3d344086650427606219e1d998eed549.jpg,2x
1004,3d62d28cd6e3db927b954faeac9dc2b8.jpg,1x
1006,3d66f857299f42709ef240c455fec2c2.jpg,1x
1009,3d7f081200e5718328085fbd04507888.jpg,1x
1011,3d979f99490843a55431ff75ffe7bea6.jpg,1x
1013,3da3a34ff195e5bd434afbf523e89ada.jpg,1x
1014,3db6c4f647e743fd4514edf0e2083c32.jpg,2x
1015,3dc2d7b21432e97ba0dd41a2377e20ba.jpg,2x
1017,3dd51e28dc9095b279a756025569e8be.jpg,2x
1019,3e1e2de8a48cdf2e38b777724e71efa1.jpg,1x
1020,3e1f2b2b2f4c0a8f22e244698f289367.jpg,1x
1023,3e471e9c1eb298f692748926886fe066.jpg,2x
1027,3e774ce3904c6dab73537189027091fd.jpg,1x
1030,3ea24e531e49c214784164dbe5eac722.jpg,2x
1032,3ea784ac93b27b11033cad904de7ecb9.jpg,2x
1034,3ec9f4bc00614ea78cf608d1d0b26a5f.jpg,1x
1039,3effb5bf06cd0188fa69590039422c52.jpg,1x
1048,3fb1f60fe050fec6c53c8b7abac5ea94.jpg,1x
1051,3fcb517de61aefd14501ac8379f8fa47.jpg,2x
1056,402936b7aec06f6232179d88f99c91b7.jpg,2x
1063,40b3c6e820eaa8b960dd09d8f8d92d0b.jpg,1x
1065,40c796ba6e6d4341053426ab23a514f9.jpg,1x
1067,40e32bed9b281553f997ae25a77bf7cf.jpg,1x
1068,410d166859bef78dcac6ee24f54f52c0.jpg,1x
1069,413fa20429e4f125b405809561f8b39f.jpg,1x
1072,4189836c727c3f0177796e5b8bd10f22.jpg,1x
1078,41d9cfde8b092f7f73932197ad3fdc11.jpg,2x
1079,41ea8096120d202e96c8aef964f0f70e.jpg,1x
1080,4211fc9f79510d9edd642089a6bdd2d4.jpg,1x
1085,428fbe0bd96fc04e0645db0e38e6f573.jpg,1x
1086,429337aaecae571cbf5f39f59fc0f6b4.jpg,1x
1088,42cc171d316412969d703d2583fca719.jpg,2x
1093,4335f9e05a89f6cd6c40a8e11360c469.jpg,2x
1096,434e5d1b4af653132a8b038eaf10e3d7.jpg,1x
1097,4350c39f35543df1e3e1c13922fc51cb.jpg,1x
1105,43920b30b3d2139d8731b5d9adad0d9b.jpg,2x
1106,439336b9c4dcf5e2cf14d5af27b20fb3.jpg,2x
1111,43cb3566903beebd710c0529d31bb692.jpg,2x
1118,441d952a8a24830ca6c95ca238a16bac.jpg,1x
1121,44359f2575e3a81e75a72ed934c051f8.jpg,1x
1123,444b5de5ec7345fa2eaffb5f7ebdcde0.jpg,1x
1124,445158189ba917e2001c43ded2c6d612.jpg,1x
1126,4475cfc7c8908ded8e6cd3791c26aede.jpg,2x
1129,44bf9a12afcc770133e3b16d627fa605.jpg,1x
1131,44d2e8a4d0bcb6e2f3025fdcfd088077.jpg,2x
1132,44f799b827db8eca7ec4d54e79e0d164.jpg,2x
1133,4510ae9f8cfc5c122e53a6b038263be4.jpg,1x
1135,451d236727e2e65dabbe56d86437eaf0.jpg,2x
1138,454624acacb66f7abfa957b0bbf55dd3.jpg,2x
1140,4562a5beee49a99f4086f20c7210d5cd.jpg,1x
1141,456d3dadef068faa53053a4eced78a13.jpg,1x
1142,45701fe3f90dbbb3262d724aecba8e08.jpg,2x
1143,457bf491e10e34e231127d361b602497.jpg,1x
1148,46310c9a5749fda4afe7db67142793b7.jpg,1x
1150,465a96239a7a36aa3feee99ab2f02507.jpg,1x
1152,4660a4c56b53620f1a129b080c6fa530.jpg,1x
1153,46851efa61a65507da1a510ab66bd00f.jpg,1x
1154,468a3a47f3a9994681e68b916043dcb0.jpg,2x
1155,46962500c50f59b98548f28798aebf98.jpg,1x
1157,46a0ae37ed29e888736bc4c7a5ec3ee2.jpg,2x
1162,46fd25068b5fcf9b8d6c6673e69202a5.jpg,1x
1169,475fd882722d13be6d9187582bb3ea0c.jpg,1x
1171,476ba146f7f39573b63375636b3f66b4.jpg,1x
1176,47c40216486ff9066eb63b576f91e745.jpg,1x
1177,47c90893ca8c47e480315f1924bd0964.jpg,2x
1188,4867da421d18b7c020c58c4533572e4b.jpg,1x
1194,48ee03b796eefda75063186cf0a08793.jpg,2x
1195,48fad9581cb02818a1f57fc5d2f2aed9.jpg,1x
1202,495892dd4093be4ebbb3307b5e60a294.jpg,2x
1204,49777d6081d63f22ea170f1d06e8b57e.jpg,1x
1208,49e246812bff90c3a0b3b2939bf3e137.jpg,1x
1209,49e2894ffb0a604fbad89deb1d0c6a22.jpg,1x
1214,4a02715d7d73b0bc6b91b2cae88043a0.jpg,2x
1218,4a4e7abd0bbc8d519ed878056fbfbebb.jpg,1x
1219,4a7c244c6a102f643b1042528d67b6e6.jpg,2x
1222,4aadf863d133dc84c1373d4ef9513126.jpg,1x
1224,4afd1e8f92c30a069a25520e80a4fde8.jpg,2x
1226,4b0771af668ab999616a8847eb53f656.jpg,1x
1229,4b139b5a6af68344eb22338ee4a7f6de.jpg,1x
1230,4b191d0b953be491cde33ac563a3be52.jpg,2x
1237,4bb0f8ee0b19437f0f6dfedb8878666c.jpg,1x
1238,4bb679b12c10055fca82e9e29f78926b.jpg,2x
1241,4bd6c6e5073afc42ffde0ae075ccfbd2.jpg,1x
1245,4bf852e03cce66be8d72b4cd21aa8eba.jpg,1x
1249,4c2b94cd189720e88ecf5b2aeb730135.jpg,1x
1252,4c4cb786e92fbb3991be246e56559d17.jpg,1x
1253,4c4d503ecafdbf5b99283d571a2e20aa.jpg,1x
1259,4c77c29b9b72754d6073653843c80094.jpg,1x
1260,4c788d181f3d16bbfe3ce5bb1961dcb9.jpg,2x
1267,4d047b666df85588be7d6ff348c052f4.jpg,1x
1268,4d091acbfa63466c4b65cd025085d102.jpg,1x
1272,4d544f2a885f7bae9194d3c661094c37.jpg,1x
1275,4dbee59a193c80ec13e13535e0f4ada9.jpg,1x
1280,4dd8f906c63ccdc5edea7e31137ce0b4.jpg,1x
1288,4e3b7ef7f99b3be1e6b2a439147c231f.jpg,2x
1289,4e4087d99ca47dc6642376591a5baf33.jpg,1x
1291,4e5939867bcf6feef216e660985d8553.jpg,2x
1299,4ed81566d438ae3c9bf468a0139c498a.jpg,1x
1305,4f2b586626950b249c610037d643a0a9.jpg,1x
1311,4f82afcccaddd655b03a51f3984b4aeb.jpg,1x
1313,4fa47f96b993ba427a55abd3b1addf93.jpg,1x
1319,4fceda8a8955b5a6eafe56458b0e8a11.jpg,1x
1325,504d5bbdc72f9eb201d6de942c155403.jpg,1x
1326,5053aa42727cbc3f211ff2ac58c6c038.jpg,1x
1327,5056ed2a5e98a52d549ebd8025cd34bd.jpg,1x
1329,508d3eb4f3619a41cb673e040a86bef6.jpg,1x
1334,50e2cab79bd71dd91a4a0ef7e8380c57.jpg,1x
1337,51024669f0d48b5d99337008b87de7ff.jpg,2x
1341,51497951065b6362815f11b82f084905.jpg,1x
1342,514fdd9d1252c7ed4d0f3223ab025426.jpg,2x
1344,516b1cad27d8dd5cd583890a275be182.jpg,2x
1349,51e36bac55bf0a901222471856fdd598.jpg,2x
1356,524dccc39992fa3e9fa73237f6744e2d.jpg,1x
1361,52aa17dbb2be8d092897eaf145738257.jpg,1x
1362,52c9014a468f84bce78d9450e208a283.jpg,1x
1363,52d28e2e0dbd6fc240ba648bc5be765a.jpg,2x
1379,53f9651514ad87c5e63dfe5b1ea6b34f.jpg,1x
1381,540dce86a56f749679058588f9623ae1.jpg,1x
1383,5437e7d01635e4564f13ad7ca87c3c6a.jpg,1x
1384,545d3a642f7bf7d708350013819fd890.jpg,2x
1385,5488380f2e2888630f46d1c1bb1decd8.jpg,1x
1386,54b0c652912ab3edf7080c5f50ed9531.jpg,2x
1390,54f1a9bcea8d17d8edfff2d08317226d.jpg,2x
1392,55032078bd5786d50a9d235b7305737a.jpg,1x
1393,550876f07538b57ffc085dd839195b32.jpg,1x
1396,5583ffecfec3a884d02f14de690f7146.jpg,2x
1403,55eddad760852691201059d1e11841e7.jpg,1x
1405,5610eafa23900c1f3279bcde502339de.jpg,2x
1407,56187ce4fe86b2b9dc8179e4784282ad.jpg,1x
1410,5622ebc249ccc67843b88dab5e469ece.jpg,1x
1412,563a48a8a2032e5cb5e3485af796443f.jpg,1x
1414,564facc74c02697edcd88fd5d9866e1f.jpg,1x
1419,569d3f4840aef35881b9e9718927d2f4.jpg,1x
1424,56c3951743fcc0a0dd7f40641ec54597.jpg,2x
1428,572558eecbabfe67e3a2a006a2164621.jpg,2x
1430,5730a5751624d1b1d1444969cc657954.jpg,2x
1432,574083d92e717eea9fe6043587351b74.jpg,1x
1433,57445ff59f88aee9deed82dfb06c0982.jpg,1x
1435,57654f970a79653f4d1269ce42e50304.jpg,2x
1436,5773e80c553ba1ea5c9236b8fcb330d0.jpg,2x
1437,578c09fe4e8fb99de423cf245764e0b8.jpg,2x
1439,57b6b2794e32e70663962e64bbfc7f1e.jpg,1x
1440,57b903cefce9adef9fd209ca3c273cea.jpg,2x
1442,57cdf79d3521553bb2ab95f918fc7bf9.jpg,1x
1443,57ebd090e09d2571336cbfed61f43a13.jpg,1x
1457,58a8e75d29fa3926d1066ea8ce07301e.jpg,1x
1460,58d373d71bd85ea0a1a7c8c83e29e905.jpg,1x
1461,58fbe5198ed60926041415ba2b88e018.jpg,1x
1467,5971068f48f01363ee045ac260a60426.jpg,1x
1471,5992d783bc0afc34e91e46871fd0f394.jpg,2x
1473,59aed17bf2c98d082cfe9d52f21c7ca9.jpg,1x
1475,59ce64de620d3a8f5548010f36688704.jpg,1x
1483,59fe63d5ff334890768642ff14e01a19.jpg,1x
1484,5a1d9eb7a560ba6d6b8ecfa10192a9f1.jpg,2x
1486,5a47eae4b36171e143471b5e9619335b.jpg,2x
1487,5a596929a9b5fb8e21d204466f9ac62f.jpg,1x
1490,5a87e8f11e40a8ff5ff4c3d3e0a02944.jpg,2x
1491,5a8fc9c7ade385620b21c54ef1f2cf24.jpg,2x
1493,5abb8cb528b7def7fcfe4c2439909661.jpg,1x
1496,5ac3e6610bc91bb4843ad31a107fd2b7.jpg,1x
1497,5acdc90b304436d300d4a85d55c392f9.jpg,2x
1505,5b42753c145528b0ea558eef754ab13d.jpg,1x
1506,5b50488895ffde482efd5ce9617d136f.jpg,2x
1519,5c37372473ac13b56e92c6b44ffcda9a.jpg,1x
1520,5c564bce5a4f34af2d704ad6ad100e22.jpg,1x
1525,5ca880135f0b48950bbcab7a1babe557.jpg,2x
1529,5cea378d863d636be356e2e49130d8e3.jpg,1x
1530,5cf2fe5411d676da53d9ff39618cca38.jpg,1x
1532,5d0b6dd310217560a67adf182b9741ea.jpg,1x
1533,5d118e98b61875fb49c40402bc1cdf7d.jpg,1x
1536,5d6cf0aac8c636b626540bb006501c21.jpg,1x
1539,5d805e8ff06937f1f5bf8b2367c1343c.jpg,1x
1540,5d900d135b21300efeb13a2c55eb4d15.jpg,1x
1548,5dffe64af9a637d2aee31ffe608a207d.jpg,2x
1549,5e333f59d9cd4418d5b5bb9c59f3a5b9.jpg,2x
1554,5e8c4f7d02aa95a9c473ac19283088ef.jpg,1x
1556,5eb52de26c53bbbff5ddff8df19aa736.jpg,1x
1559,5ede87b0da1ce67911869a60bcefeaa9.jpg,1x
1563,5eee3fca052699c059b5199ff0b84ec1.jpg,2x
1564,5efb064349d3d1deb76734e653c755f6.jpg,2x
1565,5f1d0ccabcfcfebef629ccce70239ff9.jpg,1x
1567,5f3f9eec5274e64018f2acf95e0d0edc.jpg,1x
1568,5f60336aa74d61507dc113b0efa148cc.jpg,2x
1574,5faa6b8c93096c5005e01892f4244e20.jpg,1x
1575,5fb2d7db71b03c2470cf6b6df5cff0a4.jpg,1x
1583,602397e5d2bd35d51e5a1638a632db6a.jpg,1x
1591,60a3a30a87fc2b0dcdf753d46ef0b8cf.jpg,2x
1592,60a8baaa626bc6ef82dd1082b65f4017.jpg,2x
1593,60b184307c73f848d94faa248e8e6ca2.jpg,1x
1594,60b6f4fee5b1f0cad911bb46556c3975.jpg,2x
1606,614c16d5def32bc0e9af8f42989297ab.jpg,1x
1608,616d76bd40f9b2b3b9b5131a9ed8e347.jpg,1x
1610,6189ba63f305cde4b3bdde901f0c00da.jpg,1x
1612,619199e78ab519eb4b0e635dec290d04.jpg,1x
1621,625ee45d13531a1d55cbd2af80468e33.jpg,1x
1622,62742cbc3e1139ba2f8307ccafece6d6.jpg,1x
1624,6284fee59ab0f17c8ada6a55a6d41f76.jpg,1x
1630,62bf0b873a0f51e23a0d924662016854.jpg,2x
1632,62ca85eb5cc180c1ce39591b1415347d.jpg,2x
1633,62cad65d257c4632fcfabb548b56cb7a.jpg,1x
1634,62cf576ea3d3bc58c79cde6b2b3017de.jpg,2x
1639,6313532389234f38f5b323c8e0011283.jpg,1x
1649,63da104c2249322561b26bfbb53d783e.jpg,2x
1658,6451cf862f9d9c155cd5c855186f2f73.jpg,2x
1662,64777a7cdba10baf256fca8f14f934b3.jpg,1x
1663,64d912b0a053b77256f19a93a21a9c28.jpg,1x
1664,64ddaa54a0890aa972bf9a6a19d3b477.jpg,2x
1665,64de10a509e5ab8b1d435e8ba0b15efb.jpg,1x
1672,653b0d383ce8157bee4ba4cfe292fce7.jpg,1x
1674,655cf72d843dd13fce5175b8810116da.jpg,1x
1677,65770538c3b2f61af06ac584f5a9e872.jpg,2x
1689,66845c19c272aed0ba83e6664c809ab6.jpg,1x
1690,668f6633648a292a6f35b3280ee4e437.jpg,1x
1691,6691a6d0ad0219d944074f538ff48868.jpg,1x
1694,66bf026e06325baf49da7500ea8386e7.jpg,1x
1695,66c93058b2c18bf9d3d91a0c8a5768d8.jpg,2x
1700,670de40fe011c0b9cf5a5bb3594f16d6.jpg,2x
1701,67102afe2ff930e9c9fb1b9cb90b84ce.jpg,1x
1703,6732fbbdfb2b20bec5dbecef2c474a5e.jpg,1x
1704,6736e5b2f977d2df08135f2c7493391f.jpg,1x
1707,674198989425b57e8b3739d8f66f13d0.jpg,1x
1709,676b59b4103d0e37ee045569bf98b39e.jpg,1x
1714,67c815b6715cbee72922b65ae9f4e835.jpg,1x
1716,680d5acb1490c664fe4b478f068a9ea4.jpg,2x
1720,68409abed58b226ef0604af162e59c99.jpg,2x
1726,68b290983ae30f80bf51e6980fc807cd.jpg,2x
1736,6947dbfebb15e7b2875f62a54f1cc75d.jpg,1x
1737,697ae81d005a9e57364cca16d3cf6b76.jpg,2x
1738,697b5fe82279eae3f82e05af1b864081.jpg,2x
1741,698cbb88aba782e44ada3d41260c5482.jpg,1x
1743,6993bee2cd585913dd412a7c21655623.jpg,2x
1745,69b9d653360d764e6be394ce0a3d7450.jpg,1x
1747,69e3305dd072aecba872bfef3c895390.jpg,1x
1750,69f7f2f0d7e4a622748dab13b069fb0b.jpg,1x
1754,6a0a7eea1740ddd3168070e6e35aa1f1.jpg,2x
1757,6a7c71c4c262dd6b2383f65724a19125.jpg,1x
1758,6a7de35ce3753309d1b283a99c01e3ed.jpg,1x
1762,6ac114b8df0726d25f2101d3951b98d6.jpg,2x
1764,6adb797eaf160634ed06456300ecd085.jpg,1x
1767,6ae65f4691c2ca65c2d780f00e946a7c.jpg,2x
1768,6af552f463e24acef2673dd7e0dcd87d.jpg,2x
1772,6b1a15f76d253a43db27e95c121d953e.jpg,2x
1774,6b35013e7f4e3e9886c8ebd21c499e34.jpg,1x
1777,6b9a1aec78ddb6cf1940cdfa13352139.jpg,1x
1779,6ba4548bb50fdcc47fdf4ad92187aaff.jpg,2x
1785,6bd96f3649fb032cee117a21c8b2f38c.jpg,2x
1786,6bdf3d630742614cb020e861ee6955da.jpg,2x
1788,6c0b0874e2034b620bb779729cf53979.jpg,2x
1789,6c0efa8d653d9ab9dd35cb2009254ae3.jpg,1x
1790,6c1bf9db6680fa471acd7a64a6c9c9b6.jpg,2x
1791,6c1c49eef38e4cb4d2c5d9ff789684b8.jpg,1x
1793,6c2e276aad41a68a41c439029563523d.jpg,1x
1797,6c69a1856d52632da7ac538a48762c7a.jpg,1x
1798,6c6e03c693f0c93089d7ddd49a0de036.jpg,2x
1805,6d5b1ae9c60f8939dee83530bff5d96e.jpg,1x
1807,6d78b424dc7a660c9354fc60de0f2b2c.jpg,1x
1809,6d82f68ef3996b0dbe575d6ca8ee5b55.jpg,2x
1813,6de1f284e5a7db5c3d0b9b44537c49e1.jpg,2x
1815,6e383d9a4a76830bce98ee25a90224c9.jpg,1x
1816,6e3f6e6f4ba02ab82c83086dfa833614.jpg,2x
1824,6e95ec59eff0cd90b250fe3b11cb39bf.jpg,1x
1827,6ebc1253498f4f9a43ec699e316cfb93.jpg,2x
1828,6ed994a92f32fa6159e8b3ee31167be4.jpg,1x
1829,6ee319921b4b6abfd1472ef982408665.jpg,1x
1831,6f0832a24e4695531f0d3f15a8ac15bb.jpg,2x
1845,6f7c78244b9b0603f0e558555e1f2fda.jpg,1x
1849,6fb37aae0676985645dd73118daa4b87.jpg,2x
1851,6fba7849f5aa651fed2a2369b34f124e.jpg,1x
1858,7021a77a5fd8ed03123637ba310f0bfa.jpg,1x
1861,7064948d37b22ddc0aedf3b7f45cf652.jpg,1x
1863,70715e9b65822414964bf9358ade84c0.jpg,2x
1864,7076b253ea42ecea8d2ecfa10586a184.jpg,1x
1866,708c4b674ad97a244536501118a0c047.jpg,2x
1869,709414d71d6dfff41df2d87f5fd47e3a.jpg,1x
1870,70b224f10da710a93f9563f584407086.jpg,1x
1875,710a4124e4d9c154c69f378d65f57621.jpg,2x
1877,715d24b2564de889dd1aa9ea763fe96d.jpg,1x
1883,71b303ccd51b23919d81095221368528.jpg,2x
1887,71ec2079230505b39204fedf4bd34107.jpg,2x
1888,71faaa557eaec729d7cb10f705fe7699.jpg,1x
1890,7208d7c8f35fb8fc4788bc936847aca2.jpg,2x
1891,7210dee75aafec4b78aa330098d60cb4.jpg,2x
1892,7239a3ee601cb600800510b03ceb31de.jpg,2x
1893,727a291d524fd95911bbb290f95cebd3.jpg,2x
1894,729806abc4240fc8cabc00f2228d1bd2.jpg,2x
1900,72ffa5bb78101b33e3a1feb69c6fb9a9.jpg,1x
1902,73230ea4a7aa933aad40f5b793c3efde.jpg,2x
1906,738e5f83e193c358d8b4b3e5199bd73c.jpg,1x
1909,73c7c6fdac8bad3e1406c71eb96487ea.jpg,1x
1913,74283555e5332cc6ed3514ddd20bbc7f.jpg,2x
1917,744b6bcb00ecde3e3b9cad8a9eb1c266.jpg,1x
1924,74b520478b0d50ee4ac98a859a1f7f4b.jpg,2x
1936,755ee7ea64efad0fd5e07a7c494af713.jpg,2x
1940,7597b78d447cda634149be4dc701bd72.jpg,1x
1941,759f2399588e5cedbd2fb2d78df2d477.jpg,1x
1944,75b3124aa88b14c39584323682d41d52.jpg,1x
1947,75fca65b9a03ceb7061167e660ac9730.jpg,1x
1951,7638443b12c4f7dd9d7c33edb2c7c762.jpg,1x
1955,76a25cb47fa22d29009af3f63b30ec9c.jpg,2x
1959,76c20bd7d66a5ca1b301d7f04708d149.jpg,1x
1960,76dc1a359fdcacfb468f559758deee25.jpg,2x
1961,76e5f719d2f63b0c3b117f23984d3488.jpg,1x
1963,76ebfa075b9b068365d9ef1c45470f26.jpg,2x
1965,76f77a7eaac8d66dddd00d52ac73a375.jpg,2x
1967,770ddccd78c24fb986f4a6016ca726fd.jpg,1x
1969,770e4dd0732107a222f01198e50cf27c.jpg,2x
1974,77550ed6874a56224ff22ca2bbba8bb9.jpg,1x
1980,77aa98093ecab7435aa2955068240ec9.jpg,1x
1981,77afb0d6d2a33cc297987cabb9bb4896.jpg,2x
1982,77bc941020cc11562fdfc2b45b0e9ba4.jpg,1x
1983,77d80f7c6027bf2cc739570453a2cc7a.jpg,2x
1992,7841c277c7da20242550cee43eeac8cc.jpg,1x
1993,7848d460c615f81268f4f34e20e6bf0a.jpg,1x
2002,78c320ef97b54f58ffcde4e03de8d159.jpg,1x
2005,79124eaf7d155641121e4e2b32f27226.jpg,1x
2006,791d88a0804c38b1417a2536b7308247.jpg,1x
2007,792e98b8baf1ddc5aac77e9e3c32d682.jpg,1x
2011,798771c74d9aa76a5b1ce2a8a58ddfee.jpg,1x
2013,79a4f2c5d0082fd922e08949030a31b9.jpg,2x
2014,79b0ea82d818c9fc04b72c33db487b38.jpg,2x
2019,7a10217b3b6e4b5bdb3a5fb629d0a9ad.jpg,1x
2020,7a11e8648bdba772b82d4be6b3f59b4d.jpg,2x
2022,7a4040505dd879c760ed3957f735c49d.jpg,1x
2024,7a59517d2b6020dc46b84253bc88a7d4.jpg,1x
2030,7ac2169652ec943b3ca7a75375dd8029.jpg,2x
2032,7afbba2c973f06c2bc0ec295b15a565c.jpg,2x
2039,7b32c7fb8dd90a4ff6c4b4bc3e68da92.jpg,2x
2040,7b3300f8ea98690f7e2cffc18db9a07c.jpg,2x
2042,7b66bf54b1481a2b93d3471b000f0baa.jpg,2x
2045,7bad8c3c80d90586d66bad40416d7352.jpg,1x
2047,7bd83bbf697bb7052c771079c71f394b.jpg,1x
2048,7bf7077182d44615661cce3a84a567e1.jpg,1x
2051,7c36ab6a2413d1de73dcd2f5e9e06b94.jpg,2x
2053,7c6dfd19f93db54beeac13de4a752ee0.jpg,2x
2056,7c7babfb8e7cdf80dac981bf88d02802.jpg,2x
2063,7d1b0403b936b308a1ae02d3026c63bc.jpg,1x
2065,7d3c7e7f8d577bd1998c40ae884923df.jpg,1x
2072,7db1d00074cab3433ef1380f8c01d6d9.jpg,2x
2075,7defd1f9b26fb795993bb39e91a6a4fa.jpg,2x
2078,7e19361ee722ff905cb79255f1ac2057.jpg,2x
2080,7e30aec5a5db5d8dfc134d5bd58d4965.jpg,1x
2081,7e36e8f7cc0cfc325e92e5245fee85d6.jpg,2x
2084,7e85ae9b00ae2ad8e05bfc4d22fc9d06.jpg,2x
2085,7e9b567a326369ce27915f14b7011b58.jpg,1x
2096,7f02c8e0d6a85e5cf82d3fe8433b1739.jpg,1x
2098,7f13405dbf00e31dd5d8a872d3f6439c.jpg,1x
2099,7f16d1fb535663c145b52f35b19f37d0.jpg,1x
2104,7f81f121a40806df9c2509ac13dcad5e.jpg,1x
2108,7fdcd266c9cf60cd1fc2ed739f50bf64.jpg,1x
2110,7fe24cfc487b6ade5b73732ad4e5f3e8.jpg,1x
2112,7ff4127ef43927ece40d2ac335dd95f2.jpg,1x
2119,808aadadf68e555943fc98330d86e6a7.jpg,2x
2125,80a97811fea455640639645123dafc8c.jpg,2x
2126,80af681cb6162f77b7c8e392dc665ebf.jpg,2x
2127,80bb56d424c749035bed640b9ccdd506.jpg,1x
2129,80cb629fc42581021cfcd104fc635eee.jpg,2x
2131,80ee8e9c76922e0872ff32e7ee701386.jpg,1x
2133,80f7458bccd2cb08be4c1a7ff4842c24.jpg,1x
2136,811cb4c1502e4a37db071a315b8210ee.jpg,2x
2148,81cf6422e06d2f70eb69e4c7dbb1fca7.jpg,2x
2149,81d07e1dd6bce2989609ee5420d77ff8.jpg,1x
2150,81f7661a1852ea0da693b9872fb27184.jpg,1x
2152,82252284960356a309caabd75274d287.jpg,1x
2155,823e8406d826e788aeff5985982bfa8f.jpg,1x
2161,82973b2df5bd38e35038b5ade544fccb.jpg,1x
2177,83bb28ca48d3086f3b2a07eec2589848.jpg,1x
2178,83c52ca09fa80c6a0693b780f325bd0d.jpg,1x
2179,840c6efcfe56ffae94632e0ff843e143.jpg,2x
2181,84197e4cab8c4bafe260f56b745b360f.jpg,1x
2184,845f1d3b97aeb81c9377f2621a67d138.jpg,1x
2189,8484831ce92888b546bf1e0608f64cad.jpg,2x
2192,84ad87fd7e58b42b20581df05dc5f688.jpg,2x
2194,84c53c1252c1cb3256e8bfdf85528767.jpg,1x
2200,854da728ec881a1c38c9a9a3268ec73d.jpg,1x
2204,856cc946e5c2550c73d1227b0d5f75df.jpg,2x
2213,86142a643fa4923867d7e8034089f316.jpg,1x
2223,86cbd95e41db6ce18a4af889183ad995.jpg,1x
2229,87213109c92cf5e20546a2cb988a7eba.jpg,2x
2230,8721fe03598f7098ea0b4678f845f433.jpg,1x
2235,879ac05e42fcfd26293472079167a2a5.jpg,2x
2236,87b58bb65f642028068d0217444035eb.jpg,1x
2239,87d2c0d5fb31de71f1f6feca2b4fa37f.jpg,1x
2240,87e6e7ac044665d116b786a80513b411.jpg,1x
2241,87ef05b3b23cc7ac07176d7058884835.jpg,2x
2244,882ac8af7e7deae7344d76e500cda08d.jpg,2x
2245,882d92a8eed8f5ce328e919a4a1df9d1.jpg,1x
2247,8840854c94485100c15983f79f4c60e1.jpg,1x
2250,8868ad45a179f62a50f9837b3e0a6137.jpg,2x
2251,88a04a1612a51aad30874f0078edc44a.jpg,1x
2256,88ec6e1d141cc4a2246e100f14ee6315.jpg,2x
2258,8905a10e4eb11b3d2c20eea0d20562b3.jpg,2x
2264,895e7f5c6a9c871d2cffe8f3fc8c7f62.jpg,1x
2266,8984b37a56480e881e68024a0b3b6f96.jpg,2x
2272,89f279e4157793c84b4ca0549844b65e.jpg,1x
2283,8a93c258e70ca1faa281c5383d0aa993.jpg,1x
2288,8ac7e7e95a5a3b9ad92c6ef6fbba5341.jpg,2x
2289,8acc6f4ae23dc8c22b441af89882e90b.jpg,1x
2292,8aeec98304d5be7162f2de0c85d37088.jpg,1x
2298,8b5e6e8260235bbd14407afd2e7d2b7d.jpg,1x
2301,8b99474a815bc16d2387732047aed89f.jpg,1x
2309,8c36e329c5b5af0d0a2d24487461022d.jpg,1x
2311,8c3a7e46d65a3840cf2fce8bdb9e3dcc.jpg,2x
2312,8c44eaccd8e3eb3a4469cca05c7f5726.jpg,1x
2313,8c580c3d0c9e09774d394b4fc46afdc4.jpg,2x
2314,8c59a4d719151106343760ab6bb92af6.jpg,2x
2324,8d180ed2962decc914e8af9463ac4da9.jpg,2x
2330,8d3b9f356af5ee390faab2f2dfe13141.jpg,1x
2331,8d4eff9f8ddbfb160d8cecba240530bf.jpg,1x
2332,8d66f425167b5c68d77102dc1f1736e0.jpg,1x
2334,8d96925d09a19565fb456eb67760c43e.jpg,2x
2337,8df05047db1a05d63861ea5db247ebf2.jpg,1x
2340,8e4865268197750460c31963a500da1f.jpg,1x
2341,8e52b923ea68718c6d965a01f06c2c2c.jpg,1x
2355,8f1a723cab9abeac968c3c340ecbd213.jpg,1x
2361,8f6389dd37697601c19209754e20e499.jpg,1x
2369,8fc583b95cca44714d974a4cb2d8b4c3.jpg,2x
2374,8ff6cf86804596607220247d87f8ac97.jpg,2x
2385,90929e0137e0a09dd0ba08e1899e1c14.jpg,2x
2387,90b01d56735aada89922c327aeeafe91.jpg,2x
2389,90d44c495f9ee0e474a991a5ea6b5065.jpg,1x
2390,90ed9150fe3733db6fc0a038678b4996.jpg,2x
2392,9102caf6f72ce04405ab662fe65a9a7a.jpg,2x
2394,9105a40d98f7111ae460111c1ee183e4.jpg,1x
2396,91244f8cf4358b4bff1640a8e59ef70f.jpg,1x
2400,91839050a3526875acb24407b1a126fb.jpg,1x
2404,91c60b0f743327f3e681292f4d1dfa2f.jpg,1x
2407,91fcc9c7e75962757243647c8f339f79.jpg,2x
2408,920ebc930c3430d3cb174e6c88f12f58.jpg,1x
2410,92465ef8925e5ebda1574d4bd9ac900d.jpg,1x
2412,926ae1d4116fa2c9704f2e854f8dd7d9.jpg,2x
2415,92783683f097aabc9ca8f0983e5cc5b6.jpg,1x
2420,92a283088100ceda2d5646f148df40c3.jpg,1x
2422,92c78605b2c496b4e7f3bbbe7b2eaaa8.jpg,2x
2424,92f9b503d2e690ef7a060cfba0463ba8.jpg,1x
2428,93130dc97234884ee2e3d38e03ab52d2.jpg,1x
2429,931e8dc01170857531b45c0d53648f89.jpg,2x
2432,935127cfb4e78922f3f660e4442eac4e.jpg,2x
2437,938dd5a7954efbee0de198066ef3f8c5.jpg,1x
2438,93a13de406d8c718c9b5ce7fe21cb9ce.jpg,2x
2446,943451e2e2caf2d6dc76c2fe081e7882.jpg,1x
2449,9488b72fb289beae720af286b61083a2.jpg,1x
2453,94a1fab0ae93fd5d4abd1fc8f73f9ca2.jpg,2x
2457,94c25a7c51a99c10c5f4feb839f936bf.jpg,1x
2460,94cbfe51148dbe1b47195c71d2456940.jpg,1x
2463,94e8268477c1424e95ec078daf11a2ea.jpg,1x
2471,9586cd365158312a32fcbbf1a029483d.jpg,1x
2473,95baf36f223ac943d5c89429808ac405.jpg,1x
2480,96510edb25511da50f634a1bb03b934d.jpg,2x
2483,96e46f12988c7fe8dcfd354d050a0b07.jpg,1x
2484,96ed7f4551da857b95983123062b3f44.jpg,1x
2490,973cc3b29cbc84ddb42cf4a622bbf948.jpg,1x
2491,9740348d3c76f46809320c91c19ffc97.jpg,2x
2493,97492443e22d442248b277e3de3d28f6.jpg,2x
2494,974b1005d91963a01502b6884b67ee08.jpg,1x
2496,9757d05c10013b743a13109d441712fe.jpg,1x
2497,97644eff2902674a2895630de0254731.jpg,1x
2498,9768fecacb7157716ce85d8d94150f87.jpg,1x
2503,97b806b36e96511361f147104c29750a.jpg,1x
2504,97c58e98c59261b1b4aa7c4144bf9f58.jpg,1x
2506,97d89633bff87cf849da88a4bfcb3aec.jpg,1x
2508,97db6649bd135ad14d1138f5e85f6b49.jpg,1x
2516,98a2713a9468ef72adbd7cd0d4d937b1.jpg,2x
2518,98ba14986d9bec04ff961bbdfb96d573.jpg,1x
2519,98e63672e3e68ee36504f5df5cf0d748.jpg,1x
2520,98ec9d8e7491ad5a082d3fe81d876c8d.jpg,1x
2530,9975032f0b7de8263429689a8be80db2.jpg,2x
2532,99b9449a4814f0425e5b765cdab783dc.jpg,2x
2533,99bb80f552124581502079170a660bbc.jpg,1x
2537,99e31a3990046fc37c5d0d6037a7a0ef.jpg,1x
2539,9a047dd3dd1dfee10783c7a7f0afbfed.jpg,1x
2540,9a0e2067f36fe7a99263576c6d221f69.jpg,1x
2542,9a23e56c4c5c2c0b3f25396201257c4c.jpg,1x
2550,9a9a4d14692d2c26390e5a41e0aba7fd.jpg,2x
2551,9a9edcddb4371a689795aee79609d041.jpg,1x
2552,9aa1946ed15e353623bc794fc2613119.jpg,1x
2553,9aa1f603c123faf769cdb7bb4c8566a5.jpg,2x
2555,9ac2db3e61bc62af5a7193cd75c0a5de.jpg,2x
2556,9adb2680e364cb5cea70b6609038bf7a.jpg,1x
2557,9adb8e43951c41b5fb13163a31963d73.jpg,1x
2561,9b085e4177a9b943fc12224fdab61a76.jpg,2x
2580,9be1fb3e3947a0b8e81d5195206bc2bd.jpg,2x
2585,9c56eff3e742fc221b8fb15a4ef255e2.jpg,2x
2588,9c97e3b129d7d6fb112021e0932705df.jpg,1x
2593,9cd0a89df6b5950c369fe6e8da7a63cd.jpg,1x
2596,9cf390b268e719d3f254fc4acf4b9913.jpg,1x
2597,9d36a0f235dfcb53e1439521a7475bd7.jpg,2x
2598,9d3a717dfb34e6509852ad77f620de7b.jpg,1x
2602,9d656608a44432b6d6bf8c26aa330f33.jpg,1x
2606,9d99337e1dbe951a50c257b1bee3944b.jpg,2x
2609,9dcec402e6ca8990e051e4ad4a0464dd.jpg,2x
2612,9de90beba305c928007bcd068670c1c8.jpg,1x
2613,9df0ebe31e09caf90bec80699c13551d.jpg,1x
2614,9e0bc317761f182f5d0043d1bb08483e.jpg,1x
2616,9e11ed3739c55598fabd8b1a52dc7a98.jpg,2x
2619,9e5571b072e0e6d903c33c59e2b2a649.jpg,1x
2622,9e70bf6eebaa06b388c9ba259ab77804.jpg,2x
2623,9e73844c2aaff306d0695e2d8532e18e.jpg,1x
2628,9eb8e82920449437e55de3258fce213d.jpg,1x
2632,9ed7dac75f28864e0b2a8a6d61291fd3.jpg,2x
2634,9f0f5f00719d94d64117055b8801d924.jpg,1x
2637,9f627c3c7de0ca6c25a25bad655a0b78.jpg,1x
2641,9f92f5046450c4bd7e43c45cca651de0.jpg,1x
2651,a0633bdcb7b3b6755ea8a9d4b8dd4d31.jpg,2x
2655,a0ba3880161903eaed27403de72f56da.jpg,1x
2657,a0efa80f04de5eba86e87e88c5a11360.jpg,1x
2658,a1226421258c5deae58e5991e27ac702.jpg,1x
2662,a141682599baa3e824a82cf4b3bfa415.jpg,1x
2663,a14457fa0a9e13bb56e58f72ef9080b9.jpg,2x
2671,a1ea699be41bed925e7c35c817c82428.jpg,2x
2677,a223c8a53122ed7fe33ed4d7aa9963ad.jpg,1x
2679,a24f0d77f7bbc208f624005e2031a17a.jpg,1x
2680,a25f87daf75d276751fc8992f2e29d8a.jpg,1x
2681,a263998e48b0bfe98227a581de0903bc.jpg,2x
2682,a28dff3564660532541eafb916df813f.jpg,1x
2684,a294bc5dd06748b2d649c0bff6db5d74.jpg,1x
2688,a2ecc6c5f6d760288b85d9b6de487621.jpg,1x
2691,a3017abe8cc368f1ea730f24af9295e1.jpg,1x
2692,a30b5a1d6261b3d7361f9e903fc01aae.jpg,1x
2695,a336ea5c1f85b484ea5c64f680a336d8.jpg,1x
2697,a37b82cd862bfbef75f06969e8738560.jpg,1x
2701,a3e051857a70da31adcd1e9894ac30b7.jpg,1x
2705,a40244f6297f3834ce543bd8c83c99a9.jpg,1x
2707,a4206f9a86e3492c0c4aaf0a3488a4c6.jpg,2x
2711,a447a6d64d1cfe4b824549c12722af60.jpg,1x
2715,a4924d77b5dc43c42634cc5a0cf65a8c.jpg,2x
2717,a49b6d2d2e110c3c2647db1002973a6b.jpg,1x
2718,a4af1c7eb9fbe9a50bae581038deaf92.jpg,2x
2722,a4e4b364cef90160706a9eaea290f693.jpg,2x
2723,a4eb378965f5f2c13d4702958caf4e58.jpg,2x
2724,a502d120e609f6c0dbec3a0cd0fc6ddf.jpg,1x
2729,a54f6be8729b5445c07e8855b11da2cf.jpg,1x
2734,a5ce9ca73c2957f5add0d92006c5eaeb.jpg,1x
2741,a6318282c7a4e352dfbea5b063496206.jpg,2x
2752,a698a6b2635265a800b5b86bccfbe5a3.jpg,2x
2754,a6b413a1a2a3f4f270fc1518547a73fc.jpg,2x
2755,a6b7552b7f710f389366f4bddc464dfd.jpg,1x
2765,a7491df5d363e9bef62254896d0bbd8d.jpg,1x
2771,a7b5dd19ff1116f7f1d5f19258630a07.jpg,1x
2781,a81845954a4ac29b98d9db58e342ea6b.jpg,1x
2784,a82025e0241c364f97d7f2c9f483d013.jpg,2x
2791,a851ca2b89d5df0c5799b10528853ece.jpg,2x
2792,a85816198ad118902e75fa42be7938ac.jpg,2x
2801,a89561373047baf9f27d5df6976909e2.jpg,2x
2804,a8d94087d68f04327383336dad684231.jpg,1x
2805,a8ea1a811c2d7940503b0252296adb8d.jpg,1x
2807,a8ef84a285cc4e01a06a65f61dc40f9f.jpg,1x
2808,a8f67b1ebd185a2b17d2e44c0e6af7f2.jpg,2x
2809,a9022465e8e7fa00b6e1be98f5a159a4.jpg,1x
2810,a90473a623b8046c895106111afc882c.jpg,2x
2811,a90916f4f8ca392e595a3e9c43aa97aa.jpg,2x
2813,a9136daf829297f262284c39e1f0a99f.jpg,1x
2822,a9c71b7a9f927110bbf359cda87d4684.jpg,1x
2836,ab27171cee82dc715225a5ae5911668c.jpg,2x
2839,ab44ffa1d84d9a05d181495ac6829e19.jpg,1x
2840,ab58024397fc4c5f19293162adef1b08.jpg,1x
2843,ab7708ca8d2b255fe83934cb5594206d.jpg,2x
2849,abc656d3f2f8bce9f9eb7542eb2d2383.jpg,1x
2850,abd5ddfc27a05591cdeaabde0ef29034.jpg,1x
2856,ac5165c5764523714aec9863b2ca51c0.jpg,2x
2861,aca2cce15be12589164f8581f0e57969.jpg,1x
2870,ad1e89a2e5cc732051d98f5454c5c554.jpg,1x
2871,ad1f12547528fdeeaf46c1210a5ab675.jpg,1x
2875,ad87d025bfa96e144f6be205aedfa126.jpg,1x
2876,ada05eb339bee091d092f0d1bf51ecea.jpg,1x
2879,add61ffae4bc2db028cebb9a8c7cdd60.jpg,1x
2884,adfa8995ee06506af260ee70e4c3e0fe.jpg,1x
2885,adff4b16bfa55cccb4f4ee7ba5b69da9.jpg,1x
2889,ae28c7fc5aa12cdc8c3bcc97182216bc.jpg,2x
2890,ae3153c61b818cda6a7a8d44390b6f78.jpg,1x
2894,ae4677d7df6715f44c59768ab46119f7.jpg,1x
2899,aea73c72152cbb06726115066ad3ca4a.jpg,1x
2904,aeeb76db64bb1030bacc3fa4c78d992b.jpg,1x
2906,aef613a173d540b4c22df009bb5b756f.jpg,1x
2908,af23d764a3efdb63c0bf38379bcaa01a.jpg,1x
2911,af3de93b70c353385a3116f46d6db8d6.jpg,2x
2914,af5398b30d2861a9c08a18e585ed32c8.jpg,2x
2918,af90963f500f7460c978d135d5b62e78.jpg,2x
2923,afdb3c751b52f78423c5cd12e4d3ae9a.jpg,2x
2929,b00c78cd8596b4e7d5e162926c210272.jpg,2x
2938,b05c9a383cc1c2ac012f18a8f1fb01cc.jpg,1x
2946,b0b4ca1b0dc9759b83465473ab5228b8.jpg,2x
2947,b0c0309749a95b1e94aabf67c36dc2c7.jpg,1x
2955,b1096ec6c5e2a0b08e82c13bb6057083.jpg,1x
2956,b10ee5cc6026cbe64f48f4cd9381cc22.jpg,1x
2958,b1303534856986f8bb45c0298a4226fe.jpg,1x
2963,b18c7e1a2b6cb1da7eb489234276da54.jpg,1x
2964,b18e2c37c2a6b715205611b0ba100a26.jpg,2x
2968,b1d7ba7c40787cfbd2a3b6fd89d5d254.jpg,1x
2972,b2214c03af09b48e71c8d380e4acab86.jpg,1x
2981,b2b1c5eddfa6a77988ef4d41c4b79b9a.jpg,2x
2982,b2b2f42d7a038a5743f9f22e86f6a3ef.jpg,1x
2983,b2c7d3b6ab75827f5fb4f6fc9b9168a6.jpg,1x
2984,b2cfca539e9b8592510563cdaaa19b5c.jpg,2x
2987,b31651970a5aeedde63dd7cf2d276379.jpg,2x
2989,b339725f58825e4ac7806f0cee2f6932.jpg,1x
2990,b361dd75b251d28cc5eb483164e08345.jpg,1x
2994,b3b939950ca80ea41796483ec906b6c1.jpg,1x
2998,b3d216517b7a8fd1badbfe28ea990654.jpg,1x
2999,b3e858ccc0e990bc43b9fb5f4c30b2a9.jpg,1x
3001,b3ec0ea7ada9ee99d963c4f7440b0f3d.jpg,1x
3005,b40f7787e847a67a1a146c4da8d86cd5.jpg,1x
3006,b40f98cb3427a09057e9fbd866415727.jpg,1x
3007,b42226a52717f0eded51f4d1a67eaa9a.jpg,1x
3011,b4cd44213c373d8126a1941ccef52ce2.jpg,2x
3012,b4e8a0f3b7bbf28a92dadca1278021c7.jpg,1x
3018,b56ffdfc2ace22d4a09b141cfadb9442.jpg,1x
3019,b570072ae444b9a49fc19dfce7d8fe5e.jpg,2x
3020,b5711cb205707b956243d367af582f74.jpg,1x
3026,b5b14317866feca8862c9741496e03df.jpg,1x
3027,b5c055c0718fd5d6cb08af126237c5fb.jpg,1x
3031,b5db729848ed8bddfb046be03faa4f94.jpg,1x
3032,b5fa58fec9a9715bb815af193a0480af.jpg,2x
3034,b60f48fdc7715cffd8c39c9b62df2ed9.jpg,2x
3036,b63114d003920d87d62d2c6f347f0eb8.jpg,1x
3038,b6530a3f63ecdd1a645edd0c8c8af4ab.jpg,2x
3040,b66a404ef872f2112c52a15d73e41d87.jpg,2x
3042,b6752f087f9100940c98e36b0e28d213.jpg,2x
3044,b692d65ac7a930c0b74631d5500566c1.jpg,2x
3049,b6f2261805570165cc725cb960fd53e7.jpg,1x
3051,b70fa6a747466e0917da96d38e9ec83c.jpg,1x
3058,b7410924e2341d1ebe5b95c60c3c6212.jpg,1x
3061,b7745a3321ece5f7e74b9aad0111bdc0.jpg,1x
3063,b7a1728efa78d787d5ecd13e1a7314c0.jpg,1x
3066,b7c4f0fd8b4ae01dfe4a08623b70f9a7.jpg,1x
3069,b7cd0f1850f45bb74143dc65bf811797.jpg,1x
3082,b82c406602efeffa586e8285b34f232d.jpg,1x
3087,b8a4d8fd0a34b1ffb1849c49f01b3458.jpg,2x
3096,b963f2750c125c55931ee658dccf96f4.jpg,2x
3099,b98ab5aa3e18b2c9fe65a7c66dae99fa.jpg,1x
3107,b9ed8ca4d95dcc03e818202c4fd0a407.jpg,1x
3108,b9f3eaec5a92204b15dfb5e02f8166fb.jpg,1x
3111,ba0dad731eaebcd190cb0906d41967f0.jpg,2x
3112,ba0edfbfab446c47432f415584c2cfff.jpg,1x
3113,ba1ab9a1a19f7512a4fa6a2b0f9cea17.jpg,1x
3116,ba3ec52879f5884ef30dbe394b4fb2de.jpg,1x
3117,ba4f2c954d29ac2e2ddd7b72ec04c7ba.jpg,2x
3118,ba6112143b528dd0314c7f6cd88a206c.jpg,1x
3121,ba8aabb7cc4c63db7cf9ff587ba0e55d.jpg,2x
3127,bad74aaf7aadae7790552fc9687a8402.jpg,1x
3129,bb3a4f37774ae7db63e5a9eef45f43ad.jpg,2x
3130,bb59418ee0aded766c29b0534b11c934.jpg,1x
3139,bc33870ca63ba2970e694cde284092af.jpg,2x
3140,bc51a771ddd34cd16f7f8922bc5ccb2e.jpg,2x
3141,bc6e4fe6b15cb54677cbdbc719e54e2a.jpg,1x
3142,bc718a638ace589c6cfd20bf47f0d796.jpg,1x
3154,bda9c709640337dccd2a813b237fa963.jpg,1x
3156,bdafe716f0370bf7dc370a4651451bf6.jpg,1x
3157,bdb8167854223c3a3822eee87079cdf8.jpg,2x
3162,bdf90c5fec70460c1031e41a299f5942.jpg,2x
3164,bdfb59fd65e2e53b85ebc6792de3aa5c.jpg,2x
3168,be4ca40b6e0abb1b0fdd19e028a89f0e.jpg,2x
3169,be4da81244c4bd18b28549053cd00d2f.jpg,2x
3177,bea18aa1879a1041255733585e3c1719.jpg,2x
3182,beeeb6268cabf4a921243e05d5e95a0b.jpg,1x
3183,bef7df74848581c6d8120f948fc20b3f.jpg,2x
3187,bf46ef934862b7ded05317d12ab0a284.jpg,2x
3193,bfa507f184730f6e9eb1ea748b73ee56.jpg,2x
3195,bfb565214230cbb8edcf30a3219de8d0.jpg,2x
3199,bfd3ad014970693ff4d51dce47d6c1ea.jpg,2x
3204,bfff84f32e1eb7c65a49fc2cc92ecedc.jpg,1x
3212,c0390f6a0058bbe1046ed45ff3ff73b4.jpg,1x
3213,c03a768f482c34343ddefb17e8ecaaf5.jpg,2x
3216,c07a085de651c5af10b7fa368f99d594.jpg,2x
3218,c088b7c497fd903307792ce76bc54694.jpg,1x
3220,c0a3fdce569dc10d537014f23cf61e11.jpg,2x
3221,c0a4cb67560768894c8a19c827c69a0e.jpg,2x
3222,c0c2a085e022665e40141ba5a61afecb.jpg,2x
3224,c0c8e440ad3de5d1de07427e930f6875.jpg,2x
3225,c0cf4ad9247ae36adecc326531e3caf9.jpg,2x
3227,c1026bc937a83b7f69e95fb84c612ded.jpg,1x
3231,c123207b02a281c3728895132032a0b4.jpg,2x
3234,c1497b29be72d6255ff52f0c6f1e139b.jpg,1x
3235,c150a60809a5f69ec8ae58f8311bc37f.jpg,2x
3237,c18c26cf9dcba6e937d2dfd38d2b836c.jpg,1x
3238,c18ea5292470a2c85a7676cc810db5bb.jpg,1x
3239,c1aa0d1fc84bfaa3389a42e6022334d1.jpg,1x
3240,c1b4aa3dc1af19c4bc0fa69cf07c6604.jpg,1x
3243,c1cf5c91b36b8b16a5fcf27a94b96fbb.jpg,1x
3245,c1fccb7b889d81b25afd0a6c1b0cfb9b.jpg,2x
3246,c1ff5a066d174c6cbf6cf4d6989f8159.jpg,1x
3247,c20e1ef9b8e1f5db31956d9e72fad6a5.jpg,1x
3252,c23ac373472a41a7d18183a6f37da2cf.jpg,1x
3253,c240a51e7daa4d7e3f7ac32367f21f2a.jpg,1x
3261,c2c7a219799e1676a5ccc96645153d42.jpg,1x
3264,c2e5b27e89a8513294492ee2acdb6b2e.jpg,1x
3265,c305a1dbf443e1b9fade87bae737afa8.jpg,2x
3266,c30ab687589d2c2f83e8fbd38e7d61ec.jpg,2x
3267,c3213b2efc8ad3bfbcb37396536550ab.jpg,1x
3269,c3350e09406a9fd9c3f8f67bbed002c0.jpg,1x
3273,c36baf46fd312d132da7b952311fe314.jpg,1x
3276,c38be756fad23a61307464b7bcb680b0.jpg,1x
3281,c3dfdc8a45d6d79bcc33d95a29b7cc86.jpg,1x
3283,c3e9a4ab703432856e398eb397e93f58.jpg,1x
3284,c3f0eda230399563356982184f09bcbe.jpg,1x
3287,c4004526a1b2bc8f6db4e90204a3cbba.jpg,2x
3298,c488675a6269fc17c62f22c49a4d20f7.jpg,2x
3299,c49e00ad3c821c2fed4987c10f8b4140.jpg,1x
3300,c4baf73346f174463a39ddc1f63169f6.jpg,2x
3303,c53181b8f5d79aab7707baded1528afb.jpg,1x
3306,c544c894471e5e70939fe5f5670b3751.jpg,1x
3309,c597b42a68a5dff35fc6271eefc4dba8.jpg,1x
3310,c5a4261b39e9ab9bc2364c198a6b0d36.jpg,1x
3315,c5eca1c632952bed261d590a7e634611.jpg,2x
3317,c6044c251bafa4a87758048bdc09cc95.jpg,1x
3320,c621a971b4424b15acb5595a1f99b495.jpg,1x
3321,c62c1f65558cabc3885ab2724eb1c132.jpg,2x
3323,c66c7a586e40d012618a3878cd9858ec.jpg,2x
3327,c6d4aebb6daccd2b8a1c162791c1dc0f.jpg,1x
3328,c6d7d4e76e3f852b3fd77d16fcc9da37.jpg,1x
3329,c72a4ab63bbe504895248f790518b029.jpg,2x
3332,c745a6dba7d0a0f7e976b16c4554c53e.jpg,2x
3333,c74a2bc5b4ba6545cb5a23d2845dfedd.jpg,1x
3336,c76dba0ec7a8fe3377c083d2ab4a6aa1.jpg,1x
3338,c78fa956199081b3cb790bf9757516f5.jpg,2x
3339,c795351b03263aea4cfc50fc154ce9ef.jpg,1x
3345,c7d957c7e7d207e8d1e46dbe92d1b0bb.jpg,1x
3347,c7f02faaa7336dee9287b93dc35d39e9.jpg,2x
3349,c7fd413a4640a41db79e4628d239db49.jpg,1x
3355,c86ef93388bc659db31b9785ef3ac7f1.jpg,1x
3357,c889c4d48bac74fc79d28c432c52dbff.jpg,1x
3366,c93cfccd3cc656fb8b4090f95b6e4753.jpg,1x
3369,c9840fdaf37f71c37ef87e4162aff51f.jpg,2x
3390,cb523035574a2a9ab9dd49346f8b6db1.jpg,2x
3392,cb664e037a7e25d7d4c147124f360d80.jpg,2x
3397,cb84ce8470660dc0c2ba42cbb9ffd33a.jpg,2x
3400,cbad6bd778188552daa5ef626c24e539.jpg,1x
3402,cbca4d364a50aad5e36572642e485fd8.jpg,1x
3403,cbeccdac8924a60aaec4bfe75919d3a0.jpg,1x
3405,cc18dd4988937b9c3e0afc3420210620.jpg,1x
3411,cc51000b554f1688d2eb1e07a8f8db04.jpg,2x
3418,cca9a94fc2cabe555d814a9e96154a25.jpg,1x
3419,ccb44622ee27d65a87ef28f4be8b9f10.jpg,1x
3425,cd1d155c8a7171e2fd64fa7cdd95544b.jpg,1x
3426,cd305ef363ec5956e33032ee6b8a1636.jpg,1x
3428,cd50fa1f518d73940231e864d0b7466c.jpg,1x
3432,cd7ac7311e4058e3940f411db2eea06e.jpg,1x
3434,cda05eb92ed9515b9a46186cb0c2825b.jpg,1x
3442,cde28e57b3a0b7797189cd51b613cd33.jpg,2x
3454,cedb33a53c3855b49777d32becdb8fd5.jpg,1x
3455,cee1f60dfb8d023721511dd7b370d636.jpg,2x
3459,cefd557925b6ac78ad3f7ef3d824a384.jpg,1x
3460,cf0af6515be33539015b6ea31b9678eb.jpg,2x
3464,cf40717ebd7c3114fb846d6050c17beb.jpg,2x
3468,cf52e07dc66b0536719818ed55b27653.jpg,2x
3470,cf6cece00156b7db063cc9bcfba8e938.jpg,1x
3471,cf789c1dc416b305559a2c31596c8362.jpg,2x
3472,cf78ad8901d9f266390bc2d0fa89e513.jpg,2x
3476,cfb942dc279d19d860e8dfbb6fc47532.jpg,1x
3477,cfce522e3bbd2c0c0239f64c37137cbe.jpg,2x
3484,d01b65c4ab274d2f013e3a8d2f2e2a80.jpg,1x
3487,d0457cd5f7756009d77331a087683443.jpg,1x
3488,d04bf6811e84d16b8501d972fb45fdb8.jpg,1x
3491,d0743da33f51b4505136f28597322160.jpg,1x
3492,d07868f474c85fb296cd4fde5a212a7d.jpg,1x
3494,d07f6c22063e286d275bd36fe2bfc81a.jpg,2x
3496,d0937d7c7bf79250408dc98520635cae.jpg,1x
3497,d0abed61063c6976ba048936978551df.jpg,2x
3503,d0ea14fd7c3786ca648c897cb830d08b.jpg,1x
3504,d0f307c3707358cf9a0251ce42f40c07.jpg,1x
3505,d1061c1f2ef66ada63a201da7189c491.jpg,1x
3506,d10a11fcd07e1c673ab7afa041f45421.jpg,1x
3513,d1857bccf73f4eb3d085725016d88fb7.jpg,1x
3514,d18bd1258f1bb6103ddec28a69c753fe.jpg,2x
3518,d1c2c3b24b9ef1fd2f8394e1277d628e.jpg,1x
3519,d1d9ccdd279ead9523f62b049a762ead.jpg,1x
3524,d233375e54af052215f75e6c31afa3de.jpg,1x
3532,d2952331142cf64bdaa2a3d663fef5f0.jpg,1x
3533,d29937e8b44b7d0954e425a2be117bd7.jpg,2x
3538,d2f131144830e6360b4412d0ffa594eb.jpg,2x
3539,d2fd196050b9e4b548aa4a5fb28e4b7b.jpg,2x
3541,d31966091b9d059e3d600c3e018c5e3c.jpg,1x
3543,d3352e4537c571e1f0c3acac7c3f9b07.jpg,1x
3560,d476ace625c4b88ed865e5395410c732.jpg,1x
3567,d4c91bae2c3993dd44a8f415267920e7.jpg,2x
3568,d4cf83016edee73312e5bad8e7d7e13b.jpg,1x
3571,d4f1b69312d1a50f62e7dc4c95e0ff56.jpg,1x
3579,d57a7f386395795a24e2c5fed72d3c3e.jpg,2x
3580,d587886fa493fa06cecc442628c9bccc.jpg,1x
3581,d59229521c94453a213eaea5da576ebb.jpg,1x
3591,d5e0c625a4d94f1fa7c2bff2892a5db7.jpg,1x
3593,d60bbe5a3452e8170e4bd76255f0cc4b.jpg,1x
3600,d677413e28275246329b12e09f1b8231.jpg,1x
3601,d68575ed2d1d8c9df95331491fbcf512.jpg,1x
3607,d6c6aa337690d8b4f037f43f4975c05f.jpg,2x
3608,d6dd9be4acff463f68b3ec211c18c29e.jpg,1x
3610,d6ee6c964a44d3428c64f107f42984c3.jpg,1x
3611,d6fee9d26d367e296dba76b0a2a5a6d4.jpg,1x
3620,d75519d35be32680be4605b549b8412f.jpg,2x
3621,d75d3a9c5e7eba8587f5bbc1dad1d4dc.jpg,2x
3622,d75e5733cbd43cb56098055e63b11212.jpg,2x
3624,d761d189382f0ed0228244d55f71f41d.jpg,2x
3627,d78ccec619337a33b71996ec6920035b.jpg,1x
3629,d7a1c6f0341d416205d681ad9f19338c.jpg,1x
3630,d7a9a2375ef6ae5797288404cfb6af98.jpg,1x
3631,d7aa5ff6d69fb89ee084821ffe8745f9.jpg,1x
3633,d7c2770dbb853b624934bcb66825c650.jpg,1x
3636,d7e98d251fab0863ae9e43de5b9ad3b2.jpg,1x
3637,d7effd651db73fa8a2e4e08e368302c5.jpg,1x
3638,d7f10e9b197b86a9f6587a9452d81be7.jpg,1x
3639,d819689e06472ce6c5a374fe3eeecd6e.jpg,2x
3640,d81cbe9775210c6e40e275bd0162abad.jpg,1x
3641,d81ec14c9dd86f169dd8c22e9e1650da.jpg,1x
3646,d862f6a202cba4d4ef6f3997bdcfb279.jpg,2x
3654,d8aa668d195f2104c3c954d6c000d897.jpg,1x
3656,d91d28dc9b648465d8215bfaec03b4ea.jpg,1x
3658,d94b43bf4586ff8ec4dfcca2da7770ce.jpg,1x
3660,d963399cea5f1b708e7ad141d029950c.jpg,1x
3662,d98796fce0a79e2fe503547a19ec5c47.jpg,1x
3668,d9f347c8472eb3bd8c72dcb7e757db26.jpg,1x
3671,da110542063cb0d5db4988f14b2fc1e8.jpg,2x
3684,dace6a28be85db656889c55a94f9a79e.jpg,2x
3688,dae8ad363e2af687228f0f3eda763e92.jpg,1x
3689,daf6695c3d8f88532a39b7c42647dbe7.jpg,1x
3693,db0b01fc5419b819ea2b3d4e56f775d0.jpg,2x
3695,db2b2f6b86ecc9d0ad64d7466e6d1d58.jpg,1x
3697,db49687a86a582ca1ff7a2fbe21fa357.jpg,2x
3698,db53639d0c8b605c393d118c2f07c933.jpg,1x
3703,dbccba2f4142ed825fccb2f26f668ec9.jpg,2x
3705,dbf75e64935d4e9bd47edd5ed10063dc.jpg,1x
3706,dc2a6b432963da8eb938099a7e57f3b5.jpg,1x
3710,dc39379f4225e6cdf8115b97e81c65a1.jpg,1x
3716,dc8a2e5e9427baafd5d3e1a3b03c9b4b.jpg,1x
3718,dcadfb97e539ff94ebfbd258347997cc.jpg,1x
3720,dccd41ecdf941cd7b792251b964ac64c.jpg,2x
3722,dce34b1f6eecbff45b88543e1d5f52ab.jpg,1x
3732,dd512bac6c2a3111cc484a7571a17cdc.jpg,1x
3733,dd5c63d9163d7da45feb2b13e6ce71f1.jpg,1x
3736,dd8243c15d717058e560531053d9f79f.jpg,1x
3737,dd84e2df272d0ec8ba27a946815edd71.jpg,1x
3738,dd95f5d0197509fec4355acf81da7226.jpg,2x
3742,dda90f0e4a296a5a51533b2b4cbbc94f.jpg,2x
3743,ddbd846e0c42d7c525508f17ac11ff9b.jpg,2x
3746,ddc7e9aee7df57ca95e748c77e140787.jpg,2x
3759,de20dbe97b537190cd3b84576faaa47b.jpg,1x
3760,de3a322bcb6956b1e04bd2a7d368f8db.jpg,1x
3766,de8e061b45e2a2380a245272490e2437.jpg,1x
3770,dec2aacd618f6b84612e9c2ea00d60be.jpg,2x
3777,df246f1a4a930764450a9ad0e1f74730.jpg,2x
3778,df25c2b83b1d99c0bc9eaaa9510023fd.jpg,2x
3779,df5e48d77d801ff87f26df7b67edad0a.jpg,1x
3782,df97e170f5330baf3772c39a24226689.jpg,1x
3787,dffe6f85a129b6788f53930445c3cbcd.jpg,1x
3790,e02b39aa2fb1b20f7d695c5852a552e3.jpg,1x
3791,e0608aad55083a8abbb5bcd9df2bf918.jpg,2x
3792,e06659be2123388d61c1c26a050cc274.jpg,2x
3794,e0c701e3b68b6ff822c14b82610789c1.jpg,2x
3803,e145d70040e17a15a0b5e8aa0afd2610.jpg,1x
3806,e1913eb8d472d3dfeb6bba8caf069d8a.jpg,2x
3807,e19dbdd27e519c2a0dade920fcb530bd.jpg,2x
3808,e1b3cfc917bc8a6681a6da6be255aaca.jpg,2x
3809,e1b8319323324bac306601b69314e65b.jpg,2x
3811,e1ffb1b1d3f8b55bacfd2214f8912823.jpg,1x
3815,e26462b6edd8c0538f966597d24c5427.jpg,2x
3816,e286447d888dedc087bb16a648ba5058.jpg,2x
3819,e2c644f6c04ab358457a35e01b3acf13.jpg,2x
3830,e3337727ac87767944b4913ffbbf0dc2.jpg,2x
3832,e35ef172a3424a10954ea5dc25d7329b.jpg,2x
3834,e37d6078e661277b116f20e8b9c3dc23.jpg,1x
3835,e38b5706d279a85b75ea45bab6fb7292.jpg,2x
3836,e393314d6dc17b3783ea0ba260f3e254.jpg,1x
3839,e3a760079278e0b3d6c4f1ca8ef3d8f2.jpg,1x
3840,e3aa3e49468ac3babef02c6c75447bd5.jpg,1x
3841,e3d7d9f3365f23c7c0efd94b92d0900e.jpg,1x
3847,e4599762bdb3ed322f27949e6572e3de.jpg,2x
3848,e465f51d733c24d0ff82b4ea9bf87ae2.jpg,2x
3853,e4ab6dc246cf59a8f0ece587677fa11b.jpg,2x
3857,e4fc9d80a78e8cd7acd9758466b257f7.jpg,1x
3863,e5798f5629d867aae79a2dacc395b2c1.jpg,1x
3870,e5db1ddd28f71571004a5e0a8ee17ebe.jpg,1x
3878,e64e9c0ba3f87cde7374298eff74e467.jpg,1x
3883,e684942d3889b9a35a1bf1d6288fe18f.jpg,1x
3886,e6c161ac2e39b679cec29c94e64f91fd.jpg,2x
3887,e6c79b6f3fc0c9d60136badf02680e5a.jpg,2x
3894,e72a8ecc69b920917c8cbc4e76ea5265.jpg,1x
3897,e755be04ba6d597336f40086f97c0774.jpg,2x
3900,e7646a5a134818bd14761b85a789f64e.jpg,1x
3901,e7741c0a02fb274e6fbb6ec541ac3c0e.jpg,1x
3902,e78302ae66ba9f22368c91abb3b58dbd.jpg,2x
3905,e786b282e1b24ed175fdaffaa954efaf.jpg,1x
3910,e7d5a3a592284a1eefaf7000b2370d03.jpg,2x
3911,e7ea0189d638b716d3933339e8ab2665.jpg,2x
3912,e7ea3c1b9129900d96c6f185de151b11.jpg,1x
3914,e7f4e52090d8b09d349c39dbe2f56d8e.jpg,1x
3920,e8257505022cb0de4a826422599c97b8.jpg,1x
3929,e8c880d9d3af4dbe8142df1c9e2b7c27.jpg,2x
3930,e8da15be6808e3e04dd1585ded5fdddc.jpg,1x
3935,e962a6a600935566407826910ee59e8f.jpg,2x
3938,e97228a6ec00672e0e962ef2f415041c.jpg,1x
3941,e9ade1d5be2768d0f7c0c02de3d4377a.jpg,1x
3942,e9b3d9d09c5e37cd0d3aae2a86ec6da6.jpg,1x
3944,e9c7cff66a206692a7995c10293962dc.jpg,2x
3947,e9dcf532dab07e88d33038f0e0dc5b62.jpg,1x
3951,ea150df8d73e23d70c371bf8661ecbba.jpg,1x
3955,ea5ef9741e6fd62f7da6aa558270a981.jpg,1x
3959,eaa204336000da3459494ea6cba0dd30.jpg,1x
3961,ead15652ecb7e6b9550bf6b7d9b5df6c.jpg,2x
3962,eadc913ce2b64fce1f95fb623cd72627.jpg,1x
3963,eaeabca8cc0503618ed3e8534a22f455.jpg,2x
3966,eb033ea6ccc9eadaba19698073ca3f3d.jpg,2x
3969,eb20768be7c0a74bdd926f9908e7aec6.jpg,1x
3970,eb20ac2e256a0e97292b40232672bcf7.jpg,1x
3972,eb3687d816a288b4db9761cf28c0593f.jpg,1x
3973,eb3904563a80b076614de11a809aac1d.jpg,1x
3974,eb3c9f4c5fcff59af47289ca6faa17e2.jpg,1x
3975,eb612d8441433c2ff5881bfa58ee42d8.jpg,1x
3976,eb65ef77d7a1f114614befd4d656baf3.jpg,2x
3978,eb9e173f109ba137b33fed7d5d50661b.jpg,2x
3980,ebbb601168485da80da5009cbcdf5346.jpg,1x
3981,ebc912356ab1b266c9be308786da0d2e.jpg,1x
3982,ebcc4a10cbce7053dcd86796d4880601.jpg,1x
3991,ec771d8cc8d88784e51811e63806e411.jpg,2x
3992,eca80e65a491a70533cd0128cc08779c.jpg,1x
3993,ecab93f8d3deb00e4d57da8cd3d504c0.jpg,1x
3994,ecc0e03562daf9450cd76a7df7369e37.jpg,2x
3995,ecc1098a10e662feee5575369aebcccc.jpg,1x
4000,eceaad23c27085c5ca15a7e2c5ffde0c.jpg,2x
4001,ecf13f0abb46beecabc08dec4655e367.jpg,1x
4003,ecfba4806536536c7a438b775c15fa7f.jpg,1x
4004,ecfe63aa9ed29043a8ecbf31b4bd12af.jpg,1x
4005,ed04e0028e09ba242294c4c19b0368f9.jpg,1x
4006,ed0dcae94294fdfc17d66a7a3ab8a439.jpg,2x
4009,ed3c360e3669c8fffdb8faaa5c9fe36a.jpg,1x
4010,ed582a18664052b6791f5ee5f1d99bbd.jpg,1x
4013,ed9c3a40b4b3258cdbb73e252ad5a851.jpg,2x
4015,edae017eaec489e3a912bf6353d2ac4a.jpg,1x
4016,edd0a4ec5ecca4ac6c667262042c43d7.jpg,2x
4017,ee07b97a0ecd7007d4016fc99bebecdc.jpg,2x
4021,ee231d2125caa089d4fdd4361e0c1659.jpg,1x
4022,ee256f73fce0faecb59befe9fbe8e075.jpg,1x
4031,eeb1da205b1f393dad87636bdc64e36c.jpg,1x
4035,eec3e9abfb62244cee1bf662eba7400e.jpg,1x
4036,eecc0871666b9b72011ac5d64cf245c9.jpg,1x
4038,eefa39f3490274f12c59a0969a54a159.jpg,1x
4039,ef0616e801940532b931958be14f51e5.jpg,2x
4041,ef2d40137a8b090643e66e8c429da53c.jpg,2x
4042,ef3886b96441723a251eb8376458cd16.jpg,1x
4056,f0590d5cc48fbd3cda1c40171c33a50b.jpg,1x
4065,f0dc7b3158493ef1fbd9794be5e504c5.jpg,1x
4066,f10ac7a1921d363c8a5b76a12a913a41.jpg,1x
4071,f16755782a1be47e03f17757f527a7f3.jpg,2x
4076,f1995321d211f010ca6cf3b3ad8e93ad.jpg,2x
4082,f1e48e02d44f1c634a01b1c6930dcdad.jpg,1x
4083,f1f1e6347b041f915eb13ec5258b8ab7.jpg,1x
4088,f2334c657d2168fd26474dff9fcd2b82.jpg,2x
4089,f249fe62397ca1ff352698de4643a8d8.jpg,2x
4092,f265015ef884a7a9b9091ef87d131f89.jpg,1x
4093,f2684714d0906afbca07d984f7edd30b.jpg,1x
4101,f2ce3adb3213cee0bfec13fa052a9f15.jpg,2x
4103,f32630eb1938e12674428d2a4549d0ef.jpg,1x
4106,f3441b57196e670baee482defdffdee0.jpg,1x
4108,f366a3b8e6435c2e5c105b4013cade86.jpg,1x
4114,f3c1ac0a090870879e466f2e59824048.jpg,1x
4124,f4220748d15800623b0579a03aaa62d1.jpg,1x
4125,f4265e18109ba2866fda84b2fd73bdfb.jpg,1x
4130,f43f77930419718dfcc122477faa5d59.jpg,1x
4132,f442a05ce1f96d66e2dd937b85d09a82.jpg,1x
4134,f45c16cf37cc2d1a0f83ed15c08f1a18.jpg,1x
4137,f477b53af48821f5ae4b5c14204581fb.jpg,1x
4138,f4b074f017443a81a41b2cd8d995af14.jpg,1x
4142,f4c67cefe19f8ddc6b9ef6fb6dfd52f4.jpg,2x
4143,f4d0189b6cdde13ff3a5a80ed14f30e5.jpg,1x
4144,f4e8a5db72b8bd15bd16d12c05c237f9.jpg,1x
4145,f4f7011b7140c9a25d92427f79bb9b88.jpg,2x
4146,f50ca75f0a5d2941280d7612dbbb2bc1.jpg,1x
4149,f534573ba49e7ebe42d2475e00bf3a3a.jpg,1x
4155,f5843aa5aa607b22b3fe3fd3957226e7.jpg,1x
4158,f5b1dac62af256a6fff051636073800c.jpg,1x
4161,f5e007bdba5ba6e62c19bdaf86f0a460.jpg,1x
4162,f60f0d32894c44698a1d0cf33468453f.jpg,1x
4166,f651130e38ce27f30164f192f6985b04.jpg,1x
4172,f691dfb79632bfbfb1d6b292795e9d91.jpg,1x
4176,f6cb3a0ccbd7a5f551efc4cd5d589fc4.jpg,1x
4177,f6cd5400c29073e80fd2769199138818.jpg,1x
4178,f6d1e23e6f151275de9da52402c484d2.jpg,1x
4181,f6f9c659f33e38efc202127ce66a5c33.jpg,1x
4185,f722f53d1554afd203cdf54a5fbeb72f.jpg,2x
4192,f7ab484479a1d83c9bcc468e94178d28.jpg,2x
4201,f8af8f68e689f1f18dc0f70e66cbe0f7.jpg,2x
4207,f91c5ffbaaf76efd8c3f7092e77244ea.jpg,1x
4208,f923962a61f29ff57d248c80fe2ad746.jpg,2x
4209,f92d4dc28d6caff0f7fefe0b5c7cc5bd.jpg,2x
4210,f940f33a82410466137fc2aa96b0c3b3.jpg,1x
4211,f94c9d76f48ca74236b470daaa6d26ca.jpg,2x
4215,f9b1a48f89aa49d4d3ccb7aa93f1b3bd.jpg,1x
4221,fa384a65d735ea808819776dc06a578a.jpg,1x
4222,fa598e9ebbb9b76754e931051ee1ae0c.jpg,1x
4223,fa6bbc8bf85a480c6b662bffce49c276.jpg,1x
4224,fa7009cb051999ada8b1bae9a6b2058d.jpg,1x
4225,fa814d9a2fffc7a2c14dd17a816caf19.jpg,2x
4230,fad6c23e0a7de83c8be9e29016580e8e.jpg,2x
4232,fae94bf00598f0c95808f21ed5d8cdcd.jpg,1x
4234,fb02f48fa464c1408436349a371ffc63.jpg,1x
4239,fb4700975bccb15492749eb5fd2e1b21.jpg,1x
4241,fb6442044a44255721cf2e6651e76d8b.jpg,1x
4244,fb847bf1c6867df3a0416166a6702333.jpg,1x
4248,fbdf41c652a5dfdfca739cbf9d33d770.jpg,2x
4249,fbee50eab3f7bb5befea028ddd66a543.jpg,1x
4251,fc2234b163d59323cc7fcc40f1eb9407.jpg,1x
4252,fc243545f4420ea071b957485e89f939.jpg,1x
4253,fc2e59d8e7e10c8eed4e2d08904e5d39.jpg,1x
4257,fc6d6e99154570fc1244343c692e6366.jpg,1x
4260,fc8ab8372ee2f13a8ffbff3a119e3379.jpg,2x
4261,fc8e1834f5b9bb402de3b01c6dee1c6f.jpg,1x
4263,fc969d03771c9483251651c6b011be7c.jpg,1x
4264,fca1cbab89147777932a60f7245c13a7.jpg,2x
4266,fcb691f9af2b6b017d2be16bc996189e.jpg,1x
4267,fcbc8742e07645842fcf8dc8740e29fb.jpg,2x
4269,fcf7800829c7ca84d55a95a2e3e9e7c5.jpg,1x
4273,fd0a405ba2f43ec8dbb12bcd84b19f2c.jpg,1x
4275,fd0ea70aa841f4384a81dabfe7a1677f.jpg,1x
4276,fd1199611e9c3f37b2ddf076abd8e41b.jpg,2x
4277,fd16ffa34e0a247b6b4a06473dd063f1.jpg,1x
4278,fd2ee6da2172cd3d62a37063942b7502.jpg,1x
4280,fd3fa999374f609f3e5528a8657ad81c.jpg,1x
4283,fd6e90549909e9c3fe735601997813ac.jpg,1x
4284,fd7a97504a0005c614699431d9f1dfea.jpg,2x
4286,fd9fe1d310878a90e56ce25d2dd8cdd7.jpg,2x
4287,fda647bd3a9350d52935af0718451de3.jpg,1x
4288,fdaeae05e51bd0e8b3c062f87df90005.jpg,1x
4292,fdf1c55a69be03987bcc0b43649732ab.jpg,1x
4294,fe306542e1eb2fc570bcee97aba45119.jpg,1x
4295,fe39592430491accfa4656e27412c2ac.jpg,2x
4299,fe7a835e7d91bbdea038a8e4d1a816fa.jpg,1x
4300,fe827d1288b5ad07dcb5119d84541a85.jpg,1x
4308,ff19f8f5f940df9e28403c96fbdc18ce.jpg,1x
4310,ff3cbdb62125eae75bb049fccc0dc946.jpg,2x
4316,ffa02a0e3992a74a9e0f318946f244b4.jpg,1x
4317,ffb6b6ed6b7d3c01a3c4936c2a13ccde.jpg,1x
4319,ffdf65d9155f9c194cf7f0e160e7b245.jpg,2x
4320,ffe00be404132d04f35f49897f0f848f.jpg,2x
